"nome_congresso","sigla_congresso","estrato_qualis"
"SAC - ACM Symposium on Applied Computing","SAC","A1"
"3DCVE - International Workshop on Collaborative Virtual Environments","3DCVE","B4"
"3DIC - International 3D System Integration Conference","3DIC","B1"
"3DIPM - Three-Dimensional Image Processing, Measurement and Applications","3DIPM","B5"
"3DOR - Eurographics Workshop on 3D Object Retrieval","3DOR","B4"
"3DTV - 3DTV Conference: The True Vision-Capture, Transmission and Display of 3D Video","3DTV","B1"
"3DUI - IEEE Symposium on 3D User Interfaces","3DUI","B1"
"3PGCIC - International Conference on P2P, Parallel, Grid, Cloud and Internet Computing","3PGCIC","B1"
"A-TEST - International Workshop on Automating Test Case Design, Selection and Evaluation","A-TEST","B4"
"AAAI - Conference on Artificial Intelligence","AAAI","A1"
"AAATE - Association for the Advancement of Assistive Technology in Europe Congress","AAATE","B5"
"AAIM - International Conference on Algorithmic Aspects of Information and Management","AAIM","B2"
"AAMAS - International Conference on Autonomous Agents and Multiagent Systems","AAMAS","A1"
"AC - International Conference on Augmented Cognition","AC-HCI","B2"
"ACE - International Conference on Advances in Computer Entertainment Technology","ACE","B1"
"ACHI - IARIA International Conference on Advances in Computer-Human Interactions","ACHI-IARIA","B5"
"ACIVS - Advanced Concepts for Intelligent Vision Systems","ACIVS","B1"
"ACL - Annual Meeting of the Association for Computational Linguistics","ACL","A1"
"SoCC - ACM Symposium on Cloud Computing","ACMSOCC","A1"
"ACRA - Australasian Conference on Robotics and Automation","ACRA","B5"
"ACRI - International conference on Cellular Automata for Research and Industry","ACRI","B2"
"ADBIS - East European Conference on Advances in Databases and Information Systems","ADBIS","B1"
"ADHOC-NOW - International Conference on Ad-Hoc Networks and Wireless","ADHOC-NOW","B1"
"ADVCOMP - IARIA International Conference on Advanced Engineering Computing and Applications in Sciences","ADVCOMP-IARIA","B5"
"AGERE - Workshop on Programming based on Actors, Agents, and Decentralized Control","AGERE","B2"
"AGI - Conference on Artificial General Intelligence","AGI","B1"
"AGILE - Agile Conference","AGILE","B1"
"AGILEGIS - Conference on Geographic Information Science","AGILEGIS","B2"
"AH - Augmented Human International Conference","AH","B1"
"AHS - NASA/ESA Conference on Adaptive Hardware and Systems","AHS","B1"
"AI - Canadian Conference on Artificial Intelligence","AI","B1"
"AICCSA - ACS/IEEE International Conference on Computer Systems and Applications","AICCSA","B2"
"AICT - International Conference on Application of Information and Communication Technologies","AICT","B2"
"AICT - IARIA Advanced International Conference on Telecommunications","AICT-IARIA","B5"
"AIED - Intternational Conference on Artificial Intelligence in Education","AIED","A2"
"AIIDE - AAAI Conference on Artificial Intelligence and Interactive Digital Entertainment","AIIDE","A2"
"AIML - Advances in Modal Logic","AIML","B2"
"AINA - IEEE International Conference on Advanced Information Networking and Applications","AINA","A2"
"AINAW - IEEE International Conference on Advanced Information Networking and Applications Workshops","AINAW","B4"
"AISEC - ACM Workshop on Artificial Intelligence and Security","AISEC","B4"
"ALIO/EURO - Workshop on Applied Combinatorial Optimization","ALIO/EURO","B5"
"ALLERTON - Allerton Conference on Communication, Control, and Computing","ALLERTON","A1"
"AM - Audio Mostly on Interaction With Sound","AM","B5"
"AMCIS - Americas Conference on Information Systems","AMCIS","A2"
"AMIA - Annual Symposium of the American Medical Informatics Association","AMIA","B2"
"AMW - Alberto Mendelzon International Workshop on Foundations of Data Management","AMW","B1"
"ANNPR - International IAPR TC3 Workshop on Artificial Neural Networks in Pattern Recognition","ANNPR","B2"
"ANTS - International Conference on Swarm Intelligence","ANTS","B2"
"AOFA - International Conference on Probabilistic, Combinatorial and Asymptotic Methods for the Analysis of Algorithms","AOFA","B5"
"APCASE - Asia-Pacific Conference on Computer Aided System Engineering","APCASE","B4"
"APDCM - Workshop on Advances in Parallel and Distributed Computational Models","APDCM","B4"
"APLAS - Asian Symposium on Programming Languages and Systems","APLAS","B1"
"ARC - International Symposium on Applied Reconfigurable Computing","ARC","B1"
"ARES - International Conference on Availability, Reliability and Security","ARES","A2"
"ArgMAS - International Workshop on Argumentation in Multiagent Systems","ARGMAS","B5"
"ARMS-CC - International Workshop on Adaptive Resource Management and Scheduling for Cloud Computing","ARMS-CC","B4"
"ASAP - IEEE International Conference on Application-specific Systems, Architectures and Processors","ASAP","B1"
"ASE - IEEE/ACM International Conference on Automated Software Engineering","ASE","A1"
"ASIACRYPT - Annual International Conference on the Theory and Applications of Cryptology and Information Security","ASIACRYPT","A1"
"ASONAM - IEEE/ACM International Conference on Advances in Social Networks Analysis and Mining","ASONAM","A2"
"ASPLOS - International Conference on Architectural Support for Programming Languages and Operating Systems","ASPLOS","A1"
"ASSETS - International ACM SIGACCESS Conference on Computers and Accessibility","ASSETS","A2"
"ASYNC - IEEE International Symposium on Asynchronous Circuits and Systems","ASYNC","B2"
"ATT - International Workshop on Agents in Traffic and Transportation","ATT","B4"
"AVSS - IEEE International Conference on Advanced Video and Signal Based Surveillance","AVSS","A2"
"BAI - Workshop on Advances in Bioinformatics and Artificial Intelligence: bridging the Gaps","BAI","B4"
"BCB - ACM International Conference on Bioinformatics and Computational Biology and Health Informatics","BCB","B2"
"BDCLOUD - International Conference on Big Data and Cloud Computing","BDCLOUD","B3"
"BEDS - ACM International Conference on Distributed Event-Based Systems","BEDS","B2"
"BIBE - IEEE International Conference on BioInformatics and BioEngineering","BIBE","B1"
"BIBM - IEEE International Conference on Bioinformatics and Biomedicine","BIBM","B1"
"BigData - IEEE International Congress on BigData","BIGDATA","B1"
"BIGDATASECURITY - IEEE International Conference on Big Data Security on Cloud","BIGDATASECURITY","B5"
"BIGDSE - IEEE/ACM International Workshop on Big Data Software Engineering","BIGDSE","B4"
"BigMM - IEEE International Conference on Multimedia Big Data","BIGMM","B3"
"BIH - International Conference on Brain Informatics and Health","BIH","B2"
"BIOKDD - International Workshop on Biological Knowledge Discovery and Data Mining","BIOKDD","B4"
"BIOSIG - International Conference of the Biometrics Special Interest Group","BIOSIG","B1"
"BIR - International Conferences on Perspectives in Business Informatics Research","BIR","B2"
"BMAW - Bayesian Modeling Applications Workshop","BMAW","B4"
"BMEI - International Conference BioMedical Engineering and Informatics","BMEI","B1"
"BMSB - IEEE International Symposium on Broadband Multimedia Systems and Broadcasting","BMSB","B1"
"BMVC - British Machine Vision Conference","BMVC","A1"
"BNAIC - Benelux Conference on Artificial Intelligence","BNAIC","B5"
"BPM - International Conference on Business Process Management","BPM","A2"
"BPMDS - International Conference BPMDS/EMMSAD","BPMDS","B2"
"BPMS2 - Workshop on Social and Human Aspects of Business Process Management","BPMS2","B4"
"BRACIS - Brazilian Conference on Intelligent System","BRACIS","B2"
"BrasNAM - Brazilian Workshop on Social Network Analysis and Mining","BRASNAM","B5"
"BRC - ISSNIP Biosignals and Biorobotics Conference","BRC","B4"
"BRESCI - Brazilian e-Science Workshop","BRESCI","B4"
"BSB - Brazilian Symposium on Bioinformatics","BSB","B3"
"BTAS - IEEE International Conference on Biometrics: Theory, Applications, and Systems","BTAS","A2"
"BWILD - International Workshop on Biometrics in the Wild","BWILD","B4"
"BeyondMR - Workshop on Algorithms and Systems for MapReduce and Beyond","BeyondMR","B4"
"BigSpatial - ACM SIGSPATIAL International Workshop on Analytics for Big Geospatial Data","BigSpatial","B4"
"BioCOMP - International Conference on Bioinformatics & Computational Biology","BioCOMP-WC","B5"
"C4BIE - International Workshop on Cloud for Business, Industry and Enterprises","C4BIE","B5"
"CAAD - Computer-Aided Architectural Design Futures Conference","CAAD","B5"
"CAD - International CAD Conference","CAD","B5"
"CADE - International Conference on Automated Deduction","CADE","A2"
"CAD/Graphics - International Conference on Computer-Aided Design and Computer Graphics","CADGRAPHICS","B3"
"CAIP - International Conference on Computer Analysis of Images and Patterns","CAIP","B1"
"CAISE - International Conference on Advanced Information Systems Engineering","CAISE","A2"
"CALDAM - International Conference on Algorithms and Discrete Applied Mathematics","CALDAM","B3"
"CANDAR - International Symposium on Computing and Networking","CANDAR","B2"
"CANS - International Conference on Cryptology and Network Security","CANS","B1"
"CARE - Workshop on Collaborative Agents Research and Development","CARE","B5"
"CARLA - Latin American High-Performance Computing Conference","CARLA","B4"
"CASA - Conference on Computer Animation and Social Agents","CASA","B3"
"CASCON - Annual International Conference on Computer Science and Software Engineering","CASCON","B1"
"CASE - IEEE Conference on Automation Science and Engineering","CASE","B1"
"CASES - International Conference on Compilers, Architecture, and Synthesis for Embedded Systems","CASES","B1"
"CASoN - International Conferennce on Computational Aspects of Social Networks","CASON","B1"
"CBI - IEEE Conference on Business Informatics","CBI","B1"
"CBMI - International Workshop on Content-Based Multimedia Indexing","CBMI","B1"
"CBMS - International Symposium on Computer-Based Medical Systems","CBMS","B1"
"CBSE - International ACM Sigsoft Symposium on Component-Based Software Engineering","CBSE","B1"
"CBSF - Congresso Brasileiro de Sistemas Fuzzy","CBSF","B4"
"CC - International Conference on Compiler Construction","CC","B2"
"CCCG - Canadian Conference on Computational Geometry","CCCG","B1"
"CCECE - Canadian Conference on Electrical and Computer Engineering","CCECE","B1"
"CCGrid - IEEE/ACM International Symposium on Cluster, Cloud and Grid Computing","CCGRID","A1"
"CCNC - Annual IEEE Consumer Communications & Networking Conference","CCNC","B2"
"CCS/ASIACCS - ACM Symposium on Information, Computer and Communications Security","CCS","A1"
"CDC - IEEE Conference on Decision and Control","CDC","B1"
"CDVE - International Conference on Cooperative Design, Visualization, and Engineering","CDVE","B3"
"CEC - IEEE Congress on Evolutionary Computation","CEC","A1"
"CEDEM - International Conference for E-Democracy and Open Government","CEDEM","B3"
"CENTERIS - Conference on ENTERprise Information Systems","CENTERIS","B3"
"CF - ACM International Conference on Computing Frontiers","CF","B1"
"CGC - International Conference on Cloud and Green Computing","CGC","B1"
"CGI - Computer Graphics International Conference","CGI","B2"
"CGIM - International Conference on Computer Graphics and Imaging","CGIM","B5"
"CGO - International Symposium on Code Generation and Optimization","CGO","A2"
"CHASE - International Workshop on Cooperative and Human Aspects of Software Engineering","CHASE","B1"
"CHES - Conference on Cryptographic Hardware and Embedded Systems","CHES","A1"
"CHI - ACM Conference on Human Factors in Computing Systems","CHI","A1"
"CIARP - Iberoamerican Congress on Pattern Recognition","CIARP","B1"
"CIBCB - IEEE Conference on Computational Intelligence in Bioinformatics and Computational Biology","CIBCB","B2"
"CICC - IEEE Custom Integrated Circuits Conference","CICC","A2"
"CICLing - International Conference on Intelligent Text Processing and Computational Linguistics","CICLING","A2"
"CICOMMS - Symposium on Computational Intelligence for Communication Systems and Networks","CICOMMS","B3"
"CICS - Symposium on Computational Intelligence in Cyber Security","CICS","B3"
"CIDM - Symposium on Computational Intelligence and Data Mining","CIDM","B1"
"CIG - IEEE Conference on Computational Intelligence and Games","CIG","A2"
"CIKM - ACM International Conference on Information and Knowledge Management","CIKM","A1"
"CIMSIVP - IEEE Symposium on Computational Intelligence for Multimedia, Signal and Vision Processing","CIMSIVP","B4"
"CISIS - International Conference on Complex, Intelligent, and Software Intensive Systems","CISIS","B1"
"CISRC - Cyber Security and Information Intelligence Research Workshop","CISRC","B2"
"CIT - IEEE International Conference on Computer and Information Technology","CIT","B1"
"CIT/IUCC/DASC/PICOM - CIT, IUCC, DASC, PICOM","CIT/IUCC/DASC/PICOM","B4"
"CITS - International Conference on Computer, Information, and Telecommunication Systems","CITS","B2"
"CIVTS - IEEE Symposium on Computational Intelligence in Vehicles and Transportation Systems","CIVTS","B4"
"CL4LC - Workshop on Computational Linguistics for Linguistic Complexity","CL4LC","B4"
"CLAIO - Latin-Ibero-American Conference on Operations Research","CLAIO","B5"
"CLEF - Conference and Labs of the Evaluation Forum","CLEF","B2"
"CLEI - Conferencia Latinoamericana de Informática","CLEI","B3"
"CLIHC - Latin American Conference on Human Computer Interaction","CLIHC","B4"
"CLOSER - International Conference on Cloud Computing and Services Science","CLOSER","A2"
"IARIA - International Conference on Cloud Computing, GRIDs, and Virtualization","CLOUDCOMPUTING","B5"
"CLOUDTECH - International Conference on Cloud Computing Technologies and Applications","CLOUDTECH","B4"
"CLUSTER - IEEE International Conference on Cluster Computing","CLUSTER","A2"
"CMC - International Conference on Concept Mapping","CMC","B5"
"CMSB - International Conference on Computational Methods in Systems Biology","CMSB","B1"
"CNSM - International Conference on Network and Service Management","CNSM","A2"
"COCOA - International Conference on Combinatorial Optimization and Applications","COCOA","B2"
"COCOON - International Computing and Combinatorics Conference","COCOON","B1"
"CODES+ISSS - International Conference on Hardware/Software Codesign and System Synthesis","CODES+ISSS","A2"
"COGNISE - International Workshop on Cognitive Aspects of Information Systems Engineering","COGNISE","B4"
"COGNITIVE - IARIA International Conference on Advanced Cognitive Technologies and Applications","COGNITIVE-IARIA","B5"
"COGSCI - Annual Meeting of the Cognitive Science Society","COGSCI","B2"
"COIN - International Workshop on Coordination, Organisations, Institutions and Norms","COIN","B4"
"COLING - International Conference on Computational Linguistics","COLING","A2"
"COLOGNETWENTE - Cologne-Twente Workshop on Graphs and Combinatorial Optimization","COLOGNETWENTE","B3"
"COMMA - International Conference on Computational Models of Argument","COMMA","B1"
"SoCG - International Symposium on Computational Geometry","COMPGEOM","A2"
"CompIMAGE - International Symposium CompIMAGE","COMPIMAGE","B3"
"COMPSAC - Annual International Computers, Software & Applications Conference","COMPSAC","A2"
"COMSNETS - International Conference on COMmunication Systems & NETworkS","COMSNETS","A2"
"COMSOC - International Workshop on Computational Social Choice","COMSOC","B5"
"CONCUR - International Conference on Concurrency Theory","CONCUR","A2"
"CONEXT - Conference on Emerging Network Experiment and Technology","CONEXT","A1"
"CONFIRM - International Conference on Information Resources Management","CONFIRM","B4"
"CONTECSI - International Conference on Information Systems and Technology Management","CONTECSI","B4"
"CONTEXT-BPM - International Workshop on Context for Business Process Management","CONTEXT-BPM","B5"
"CORAL - International Workshop on Emerging COgnitive Radio Applications and aLgorithms","CORAL","B4"
"COSN - Conference on Online Social Networks","COSN","B2"
"COTB - Computer on The Beach","COTB","B4"
"CP - International Conference on Principles and Practice of Constraint Programming","CP","A2"
"CPA - Communicating Process Architectures","CPA","B5"
"CPM - Annual Symposium on Combinatorial Pattern Matching","CPM","B1"
"CRIWG - International Conference on Collaboration and Technology","CRIWG","B3"
"CSC - SIAM Workshop on Combinatorial Scientific Computing","CSC","B4"
"CSCL - International Conference on Computer Supported Collaborative Learning","CSCL","B5"
"CSCW - ACM Conference on Computer Supported Cooperative Work & Social Computing","CSCW","A1"
"CSC - International Conference on Scientific Computing","CSCWC","B5"
"CSCWD - IEEE International Conference on Computer Supported Cooperative Work in Design","CSCWD","B1"
"ISC - Information Security Conference","ISW","B2"
"CSE - International Conference on Computational Science and Engineering","CSE","B1"
"CSEDU - International Conference on Computer Supported Education","CSEDU","B1"
"CSEE&T - Conference on Software Engineering Education and Training","CSEE&T","B1"
"CSF - IEEE Computer Security Foundations Symposium","CSF","A2"
"CSI-SE - International Workshop on Crowdsourcing in Software Engineering","CSI-SE","B4"
"CSMR - European Conference on Software Maintenance and Reengineering","CSMR","A2"
"CSNDSP - International Symposium on Communication Systems, Networks and Digital Signal Processing","CSNDSP","B1"
"CT-RSA - RSA Conference Cryptographers Track","CT-RSA","A2"
"CVPR - IEEE Conference on Computer Vision and Pattern Recognition","CVPR","A1"
"CVPRW - IEEE Conference on Computer Vision and Pattern Recognition Workshops","CVPRW","B4"
"CloudCom - IEEE International Conference on Cloud Computing Technology and Science","CloudCom","A1"
"CloudNet - IEEE International Conference on Cloud Networking","CloudNet","B1"
"CobRA - International Workshop on Exploring Component-based Techniques for Constructing Reference Architectures","CobRA","B5"
"CogSIMA - IEEE International Multi-Disciplinary Conference on Cognitive Methods in Situation Awareness and Decision Support","CogSIMA","B1"
"CompSysTech - International Conference on Computer Systems and Technologies","CompSysTech","B2"
"CoopIS - International Conference on Cooperative Information Systems","CoopIS","A2"
"DAC - Design Automation Conference","DAC","A1"
"DAIS - International Conference on Distributed Applications and Interoperable Systems","DAIS","B2"
"DARS - International Symposium on Distributed Autonomous Robotic Systems","DARS","B2"
"DAS - International Workshop on Document Analysis Systems","DAS","B1"
"DATAANALYTICS - IARIA International Conference on Data Analytics","DATAANALYTICS-IARIA","B5"
"DATE - Design, Automation and Test in Europe Conference and Exhibition","DATE","A1"
"DaWaK - International Conference on Big Data Analytics and Knowledge Discovery","DAWAK","B1"
"DBKDA - IARIA International Conference on Advances in Databases, Knowledge, and Data Applications","DBKD-AIARIA","B5"
"DCAI - International Symposium on Distributed Computing and Artificial Intelligence","DCAI","B2"
"DCC - Data Compression Conference","DCC","B1"
"DCC - ACM Workshop on Distributed Cloud Computing","DCCW","B4"
"DCM - International Workshop on Developments in Computational Models","DCM","B5"
"DCOSS - International Conference on Distributed Computing in Sensor Systems","DCOSS","A2"
"DDECS - IEEE International Symposium on Design and Diagnostics of Electronic Circuits and Systems","DDECS","B1"
"DEBS - International Conference on Distributed and Event-Based Systems","DEBS","A2"
"DepCoS-RELCOMEX - International Conference on Dependability and Complex Systems","DEPCOS","B3"
"DesafIE - Workshop de Desafios da Computação Aplicada à Educação","DESAFIE","B5"
"DESE - International Conference on Developments in eSystems Engineering","DESE","B2"
"DESWEB - International Workshop on Data Engineering meets the Semantic Web","DESWEB","B4"
"SWQD - Conference Software Quality Days","SWQD","B3"
"DEXA - International Conference on Database and Expert Systems Applications","DEXA","B1"
"DFT - IEEE International Symposium on Defect and Fault Tolerance in VLSI Systems","DFT","B1"
"DG.O - Annual International Conference on Digital Government Research","DGO","B1"
"DH - Digital Heritage","DH","B2"
"DHM - International Conference on Digital Human Modeling - Applications in Health, Safety, Ergonomics and Risk Management","DHM","B2"
"DILS - International Conference on Data Integration in Life Sciences","DILS","B2"
"DISN - Workshop on Dependability Issues on SDN and NFV","DISN","B4"
"DIVANET - ACM Symposium on Development and Analysis of Intelligent Vehicular Networks and Applications","DIVANET","B2"
"DMNPL - Workshop on Interactions between Data Mining and Natural Language Processing","DMNPL","B4"
"DMS - International Conference on Distributed Multimedia Systems","DMS","B3"
"DOCENG - ACM SIGWEB International Symposium on Document Engineering","DOCENG","B1"
"DOLAP - International Workshop On Data Warehousing and OLAP","DOLAP","B1"
"DRCN - International Conference on the Design of Reliable Communication Networks","DRCN","B1"
"DS - International Conference on Discovery Science","DS","B3"
"DSAA - IEEE International Conference on Data Science and Advanced Analytics","DSAA","B3"
"DSAI - International Conference on Software Development for Enhancing Accessibility and Fighting Info-exclusion","DSAI","B2"
"DSD - Euromicro Conference on Digital System Design","DSD","B1"
"DSN - Annual IEEE/IFIP International Conference on Dependable Systems and Networks","DSN","A1"
"DSNW - IEEE International Conference on Dependable Systems and Networks Workshops","DSNW","B4"
"DSRT - IEEE/ACM International Symposium on Distributed Simulation and Real Time Applications","DSRT","B1"
"DUXU - International Conference on Design, User Experience, and Usability: Interactive Experience Design","DUXU","B2"
"DYNAK - International Workshop on Dynamic Networks and Knowledge Discovery","DYNAK","B4"
"DaMNet - Workshop on Data Mining in Networks","DaMNet","B4"
"DeMiMoP - Workshop on Decision Mining & Modeling for Business Processes","DeMiMoP","B4"
"DroNet - Workshop on Micro Aerial Vehicle Networks, Systems, and Applications for Civilian Use","DroNet","B4"
"EA - International Conference on Artificial Evolution","EA","B5"
"EAIS - IEEE Conference on Evolving and Adaptive Intelligent Systems","EAIS","B2"
"EANN - Internation Conference on Engineering Applications of Neural Networks","EANN","B3"
"EASE - International Conference on Evaluation and Assessment in Software Engineering","EASE","B1"
"EATIS - Euro American Conference on Telematics and Information Systems","EATIS","B3"
"ECAI - European Conference on Artificial Intelligence","ECAI","A2"
"ECAL - European Conference on Artificial Life","ECAL","B1"
"ECC - European Control Conference","ECC","B2"
"ECCE - European Conference on Cognitive Ergonomics","ECCE","B2"
"ECCTD - European Conference on Circuit Theory and Design","ECCTD","B1"
"ECCV - European Conference on Computer Vision","ECCV","A1"
"ECIR - European Conference on Information Retrieval","ECIR","A2"
"ECIS - European Conference on Information Systems","ECIS","A2"
"ECMFA - European Conference on Modelling Foundations and Applications","ECMDAFA","B1"
"ECML/PKDD - European Conference on Machine Learning and Principles and Practice of Knowledge Discovery in Databases","ECML","A1"
"ECMS - European Conference on Modelling and Simulation","ECMS","B1"
"ECOOP - European Conference on Object-Oriented Programming","ECOOP","A2"
"ECRTS - Euromicro Conference on Real-Time Systems","ECRTS","A1"
"ECSA - European Conference on Software Architecture","ECSA","B1"
"ECSAW - European Conference on Software Architecture Workshops","ECSAW","B4"
"ECSQARU - European Conference on Symbolic and Quantitative Approaches to Reasoning and Uncertainty","ECSQARU","B1"
"ECTA - International Conference on Evolutionary Computation Theory and Applications","ECTA","B5"
"EC-TEL - European Conference on Technology Enhanced Learning","ECTEL","B1"
"ECWeb - International Conference on Electronic Commerce and Web Technologies","ECWeb","B3"
"EDBT - International Conference on Extending Database Technology","EDBT","A1"
"EDCC - European Dependable Computing Conference","EDCC","B3"
"EDM - International Conference on Educational Data Mining","EDM","A2"
"EDOC - IEEE International Enterprise Distributed Object Computing Conference","EDOC","A2"
"EEE - International Conference on e-Learning, e-Business, Enterprise Information Systems, and e-Government","EEEWC","B5"
"EGOV - International Conference on Electronic Government","EGOV","B1"
"EGOVIS - International Conference on Electronic Government and the Information Systems Perspective","EGOVIS","B2"
"EICS - ACM SIGCHI Symposium on Engineering Interactive Computing Systems","EICS","A2"
"EIS - SPIE Human Vision and Electronic Imaging","EIS","B5"
"EMAS - International Workshop on Engineering Multiagent Systems","EMAS","B4"
"EMBC - Annual International Conference of the IEEE Engineering in Medicine and Biology Society","EMBC","B1"
"EMNLP - Conference on Empirical Methods in Natural Language Processing","EMNLP","A1"
"EMO - International Conference on Evolutionary Multi-Criterion Optimization","EMO","B1"
"ENASE - International Conference on Evaluation of Novel Approaches to Software Engineering","ENASE","B2"
"ENERGY - IARIA International Conference on Smart Grids, Green Communications and IT Energy-aware Technologies","ENERGY-IARIA","B5"
"ENIAC - Encontro Nacional de Inteligencia Artificial e Computacional","ENIAC","B4"
"ENIC - European Network Intelligence Conference","ENIC","B2"
"EPAMUS - International Workshop on Engineering Parallel and Multi-core Systems","EPAMUS","B5"
"EPIA - Portuguese Conference on Artificial Intelligence","EPIA","B1"
"ER - International Conference on Conceptual Modeling","ER","B1"
"ERLANG - ACM SIGPLAN Erlang Workshop","ERLANG","B4"
"ESA - European Symposium on Algorithms","ESA","A2"
"ESANN - European Symposium on Artificial Neural Networks, Computational Intelligence and Machine Learning","ESANN","B1"
"e-Science - IEEE International Conference on e-Science","ESCIENCE","B1"
"ESELAW - Workshop Latinoamericano de Ingeniería de Software Experimental","ESELAW","B4"
"ESEM - ACM/IEEE International Symposium on Empirical Software Engineering and Measurement","ESEM","A2"
"ESORICS - European Symposium on Research in Computer Security","ESORICS","A2"
"ESWC - European Semantic Web Conference","ESWS","A1"
"E-Telemed - IARIA International Conference on eHealth, Telemedicine, and Social Medicine","ETELEMED-IARIA","B5"
"ETFA - IEEE International Conference on Emerging Technologies and Factory Automation","ETFA","B2"
"ETRA - Biennial ACM Symposium on Eye Tracking Research & Applications","ETRA","A2"
"ETS - IEEE European Test Symposium","ETS","B1"
"EUC - IEEE/IFIP International Conferences on Embedded and Ubiquitous Computing","EUC","B2"
"EUMAS - European Conference on Multi-Agent Systems","EUMAS","B2"
"EURO - European Conference on Operational Research","EURO","B4"
"EUROCG - European Workshop on Computational Geometry","EUROCG","B5"
"EuroComb - European Conference on Combinatorics, Graph Theory and Applications","EUROCOMB","B5"
"EUROHAPTICS - Eurohaptics","EUROHAPTICS","B3"
"EUROITV - European Conference on Interactive TV and Video","EUROITV","B1"
"SEAA - Euromicro Conference on Software Engineering and Advanced Applications","EUROMICRO","B1"
"EUROPAR - European Conference on Parallel Computing","EUROPAR","A1"
"EuroPKI - European Public Key Infrastructure Workshop","EUROPKI","B4"
"EUROSIM - Congress on Modelling and Simulation","EUROSIM","B5"
"EUROSYS - European Conference on Computer Systems","EUROSYS","A1"
"EUSFLAT - Conference of the European Society for Fuzzy Logic and Technology","EUSFLAT","B1"
"EUSIPCO - European Signal Processing Conference","EUSIPCO","A2"
"EUVIP - European Workshop on Visual Information Processing","EUVIP","B2"
"EVA - Electronic Visualisation and the Arts","EVA","B3"
"EVL-BP - International Workshop on Evolutionary Business Processes","EVLBP","B4"
"EvoApplications - European Conference on the Applications of Evolutionary Computation","EVOAPPLICATIONS","B1"
"EVOCOP - European Conference on Evolutionary Computation in Combinatorial Optimization","EVOCOP","B1"
"EWSDN - European Workshop on Software Defined Networks","EWSDN","B1"
"EWSN - European Conference on Wireless Sensor Networks","EWSN","B2"
"EXAMPI - Workshop on Exascale MPI","EXAMPI","B4"
"EXP.AT - Experiment@ International Conference","EXP.AT","B3"
"EnDM - Workshop on Energy Data Management","EnDM","B5"
"EuroGP - European Conference on Genetic Programming","EuroGP","B1"
"EuroParW - Parallel Processing Workshops","EuroParW","B4"
"EuroPloP - European Conference on Pattern Languages of Programs","EuroPloP","B3"
"EUROSPI2 - European Conference on Software Process Improvement","EuroSPI","B1"
"EuroVAW - EuroVis Workshop on Visual Analytics (EuroVA)","EuroVISW","B5"
"FACS - International Conference on Formal Aspects of Component Software","FACS","B2"
"FASE - International Conference on Fundamental Approaches to Software Engineering","FASE","A2"
"FAW - International Frontiers of Algorithmics Workshop","FAW","B2"
"FCA4AI - Workshop What can FCA do for Artificial Intelligence","FCA4AI","B5"
"FCCM - IEEE Annual International Symposium on Field-Programmable Custom Computing Machines","FCCM","A2"
"FCTA - International Conference on Fuzzy Computation Theory and Applications","FCTA","B4"
"FDL - Forum on Specification and Design Languages","FDL","B2"
"FECS - WS International Conference on Frontiers in Education: Computer Science and Computer Engineering","FECS-WS","B5"
"FedCSIS - Federated Conference on Computer Science and Information Systems","FEDCSIS","B1"
"FG - Conference on Formal Grammar","FG","B2"
"FGR - IEEE International Conference on Automatic Face and Gesture Recognition","FGR","A1"
"FIE - IEEE Frontiers in Education Conference","FIE","B1"
"FINS - International Workshop on Future Internet and Smart Networks","FINS","B5"
"FLAIRS - International Florida Artificial Intelligence Conference","FLAIRS","B1"
"FLINS - International FLINS Conference on Decision Making and Soft Computing","FLINS","B5"
"FLinAI - Workshop on Fuzzy Logic in AI","FLinAI","B4"
"FM - International Symposium on Formal Methods","FM","A2"
"FMCAD - International Conference on Formal Methods in Computer-Aided Design","FMCAD","A2"
"FOCI - IEEE Symposium on Foundations of Computational Intelligence","FOCI","B4"
"FOFAI - International Workshop on Formal Ontologies for Artificial Intelligence","FOFAI","B4"
"FOGA - ACM Conference on Foundations of Genetic Algorithms","FOGA","B3"
"FOIS - International Conference on Formal Ontology in Information Systems","FOIS","B3"
"FORMATS - International Conference on Formal Modeling and Analysis of Timed Systems","FORMATS","B2"
"FOSD - International Workshop on Feature-Oriented Software Development","FOSD","B2"
"FPL - International Conference on Field-Programmable Logic and Applications","FPL","A2"
"FSE/ESEC - Joint Meeting on European Software Engineering Conference and Foundations of Software Engineering","FSE/ESEC","A1"
"FSEW - Workhops of the SIGSOFT FSE International Symposium on Foundations of Software Engineering","FSEW","B4"
"FSKD - International Conference on Fuzzy Systems and Knowledge Discovery","FSKD","B1"
"FSTTCS - Annual Conference on Foundations of Software Technology and Theoretical Computer Science","FSTTCS","B1"
"FTXS - Workshop on Fault Tolerance for HPC at eXtreme Scale","FTXS","B4"
"FUSION - International Conference on Information Fusion","FUSION","A1"
"FUZZIEEE - IEEE International Conference on Fuzzy Systems","FUZZIEEE","B1"
"GAMEON - Annual Simulation and AI in Games Conference","GAMEON","B3"
"GAS - International Workshop on Games and Software Engineering","GAS","B4"
"GCCE - IEEE Global Conference on Consumer Electronics","GCCE","B4"
"GECCO - Genetic and Evolutionary Computation Conference","GECCO","A1"
"GECON - International Conference on Economics of Grids, Clouds, Systems and Services","GECON","B2"
"GeoInfo - Brazilian Symposium on GeoInformatics","GEOINFO","B3"
"GI - Graphics Interface Conference","GI","B1"
"GIIS - Global Information Infrastructure and Networking Symposium","GIIS","B2"
"SIGSPATIAL/GIS - ACM SIGSPATIAL International Conference on Advances in Geographic Information Systems","GIS","A1"
"GLOBALDEV - Workshop of the AIS Special Interest Group for ICT in Global Development","GLOBALDEV","B5"
"GlobalSIP - Global Conference on Signal and Information Processing","GLOBALSIP","B1"
"GLOBECOM - IEEE Global Communications Conference","GLOBECOM","A1"
"GLSVLSI - ACM Great Lakes Symposium on VLSI","GLVLSI","B1"
"GPC - International Conference on Grid And Pervasive Computing","GPC","B2"
"GPCE - ACM International Conference on Generative Programming: Concepts and Experiences","GPCE","B2"
"GRAPP - International Conference on Computer Graphics Theory and Applications","GRAPP","B1"
"GREC - International Workshop on Graphic Recognition: Current Trends and Challenges","GREC","B2"
"GREENS - International Workshop on Green and Sustainable Software","GREENS","B4"
"GROUP - International Conference on Supporting Group Work","GROUP","B2"
"GT-VMT - International Workshop on Graph Transformation and Visual Modeling Techniques","GTVMT","B4"
"GeoProcessing - IARIA International Conference on Advanced Geographic Information Systems, Applications, and Services","GeoPROCESSING-IARIA","B5"
"ICRA - IEEE International Conference on Robotics and Automation","ICRA","A1"
"GeoPrivacy - Workshop on Privacy in Geographic Information Collection and Analysis","GeoPrivacy","B4"
"GraphQ - International Workshop on Querying Graph Structured Data (EDBT)","GraphQ","B4"
"GreenCom - IEEE International Conference on Green Computing and Communications","GreenCom","B2"
"HAI - International Workshop on Human Aspects in Ambient Intelligence","HAI","B4"
"HAIS - International Conference on Hybrid Artificial Intelligence Systems","HAIS","B1"
"HASE - IEEE International Symposium on High Assurance Systems Engineering","HASE","B1"
"HCI - International Conference on Human-Computer Interaction","HCI","B2"
"HCI3P - Workshop on Human Computer Interaction in Third Places","HCI3P","B4"
"HCIST - International Conference on Health and Social Care Information Systems and Technologies","HCIST","B3"
"Hcomp - Conference on Human Computation and Crowdsourcing","HCOMP","B1"
"HCSE - International Working Conference on Human-Centred Software Engineering","HCSE","B3"
"HealthCom - IEEE International Conference on E-health Networking, Application & Services","HEALTHCOM","B2"
"HEALTHINF - International Conference on Health Informatics","HEALTHINF","B5"
"HICSS - Hawaii International Conference on System Sciences","HICSS","A1"
"HIMI - Human Interface and the Management of Information Thematic Area","HIMI-HCI","B2"
"HiPC - IEEE International Conference on High Performance Computing","HIPC","B1"
"HIS - International Conference on Hybrid Intelligent Systems","HIS","B2"
"HLT - International Conference Baltic Human Language Technology","HLT","A1"
"HM - International Workshop on Hybrid Metaheuristics","HM","B2"
"HOST - IEEE International Symposium on Hardware Oriented Security and Trust","HOST","B1"
"HotNets - ACM Workshop on Hot Topics in Networks","HOTNETS","A1"
"HPCA - IEEE International Symposium on High Performance Computer Architecture","HPCA","A1"
"HPCB - International Workshop on High Performance Computing on Bioinformatics","HPCB","B4"
"HPCC - International Conference on High Performance Computing and Communications","HPCC","A2"
"HPCS - International Conference on High Performance Computing & Simulation","HPCS","B1"
"HPDC - International Symposium on High Performance Distributed Computing","HPDC","A1"
"HPG - High-Performance Graphics","HPG","B5"
"HPPN - Workshop on High Performance and Programmable Networking","HPPN","B5"
"HR - Workshop on Hybrid Reasoning","HR","B4"
"HT - ACM Conference on Hypertext and Social Media","HT","A2"
"HUMANCOM - International Conference on Human-centric Ubiquitous Computing and Applications","HUMANCOM","B5"
"HVC - International Haifa Verification Conference","HVC","B1"
"I2MTC - IEEE International Instrumentation and Measurement Technology Conference","I2MTC","A2"
"I3D - ACM Symposium on Interactive 3D Graphics and Games","I3D","A2"
"IAS - Industry Applications Society Annual Meeting","IAS","B2"
"IAT - IEEE/WIC/ACM International Conference on Intelligent Agent Technology","IAT","B1"
"IBERAMIA - Ibero-American Conference on Artificial Intelligence","IBERAMIA","B2"
"IC3K - International Joint Conference on Knowledge Discovery, Knowledge Engineering and Knowledge Management","IC3K","B4"
"ICA3PP - International Conference on Algorithms and Architectures for Parallel Processing","ICA3PP","B1"
"ICAART - International Conference on Agents and Artificial Intelligence","ICAART","B1"
"ICAIS - International Conference on Adaptive and Intelligent Systems","ICAIS","B3"
"ICAISC - International Conference on Artificial Intelligence and Soft Computing","ICAISC","A2"
"ICAI - International Conference on Artificial Intelligence","ICAIWC","B5"
"ICALT - IEEE International Conference on Advanced Learning Technologies","ICALT","B1"
"ICANN - International Conference on Artificial Neural Networks","ICANN","B1"
"ICAPS - International Conference on Automated Planning and Scheduling","ICAPS","A2"
"ICAR - International Conference on Advanced Robotics","ICAR","B1"
"ICARSC - IEEE International Conference on Autonomous Robot Systems and Competitions","ICARSC","B5"
"ICARCV - International Conference on Control, Automation, Robotics and Vision","ICARV","B1"
"ICAS - IARIA International Conference on Autonomic and Autonomous Systems","ICAS-IARIA","B5"
"ICASSP - IEEE International Conference on Acoustics, Speech and Signal Processing","ICASSP","A1"
"ICAT - International Conference on Artificial Reality and Telexistence","ICAT","B2"
"ICB - International Conference on Biometrics","ICB","A2"
"ICC - IEEE International Conference on Communications","ICC","A1"
"ICCA - IEEE International Conference on Control and Automation","ICCA","B1"
"ICCAD - IEEE/ACM International Conference on ComputerAided Design","ICCAD","A1"
"ICCCC - International Conference on Computers Communications and Control","ICCCC","B4"
"ICCCN - International Conference on Computer Communications and Networks","ICCCN","A2"
"ICCD - International Conference on Computer Design","ICCD","A2"
"ICCDCS - International Caribbean Conference on Devices, Circuits and Systems","ICCDCS","B5"
"ICCE - IEEE International Conference on Consumer Electronics","ICCE","B2"
"ICCEBerlin - IEEE International Conference on Consumer Electronics Berlin","ICCEBerlin","B3"
"ICCETW - IEEE International Conference on Consumer Electronics Taiwan","ICCETaiwan","B5"
"ICCIC - International Conference on Computational Intelligence and Computing Research","ICCIC","B2"
"ICCL - International Conference on Computational Logistics","ICCL2","B2"
"ICNC - International Conference on Computing, Networking and Communications","ICCNC","A2"
"ICCP - IEEE International Conference on Intelligent Computer Communication and Processing","ICCP","B1"
"ICCPS - International Conference on Cyber-Physical Systems","ICCPS","B2"
"ICCRTS - International Command and Control Research and Technology Symposium","ICCRTS","B5"
"ICCS - International Conference on Computational Science","ICCS","A1"
"ICCSA - International Conference on Computational Science and Its Applications","ICCSA","B1"
"ICCVE - International Conference on Connected Vehicles & Exp","ICCVE","B4"
"ICCW - IEEE International Conference on Communications Workshops","ICCW","B4"
"ICDAR - International Conference on Document Analysis and Recognition","ICDAR","A1"
"ICDCS - International Conference on Distributed Computing Systems","ICDCS","A1"
"ICDE - IEEE International Conference on Data Engineering","ICDE","A1"
"KEYS - International Workshop on Keyword Search and Data Exploration on Structured Data","ICDEW","B4"
"ICDIM - International Conference on Digital Information Management","ICDIM","B2"
"ICDM - IEEE International Conference on Data Mining","ICDM","A1"
"ICDP - International Conference on Imaging for Crime Detection and Prevention","ICDP","B5"
"ICDS - IARIA International Conference on Digital Society","ICDS-IARIA","B5"
"DSP - IEEE International Conference on Digital Signal Processing","ICDSP","B1"
"ICEBE - IEEE International Conference on e-Business Engineering","ICEBE","B1"
"ICEC - IFIP International Conference on Entertainment Computing","ICEC","B1"
"ICECCS - International Conference on Engineering of Complex Computer","ICECCS","B1"
"ICECS - IEEE International Conference on Electronics, Circuits and Systems","ICECS","B1"
"ICED - International Conference on Engineering Design","ICED","B5"
"ICEGOV - International Conference on Theory and Practice of Eletronic Governance","ICEGOV","B2"
"ICEIS - International Conference on Enterprise Information Systems","ICEIS","B2"
"ICERI - International Conference of Education, Research and Innovation","ICERI","B4"
"ICFEM - International Conference on Formal Engineering Methods","ICFEM","B1"
"ICFHR - International Conference on Frontiers in Handwriting Recognition","ICFHR","B1"
"ICGSE - IEEE International Conference on Global Software Engineering","ICGSE","B1"
"ICGSEW - IEEE International Conference on Global Software Engineering Wokshops","ICGSEW","B4"
"ICGT - International Conference on Graph Transformation","ICGTT","B2"
"ICHQP - IEEE International Conference on Harmonics and Power Quality","ICHQP","B4"
"ICIAP - International Conference on Image Analysis and Processing","ICIAP","B1"
"ICIAR - International Conference on Image Analysis and Recognition","ICIAR","B1"
"ICIC - International Conference on Intelligent Computing","ICIC","B1"
"ICIEOM - International Conference on Industrial Engineering and Operations Management","ICIEOM","B5"
"ICINCO - International Conference on Informatics in Control, Automation and Robotics","ICINCO","B2"
"ICIP - IEEE International Conference on Image Processing","ICIP","A1"
"ICIQ - International Conference on Information Quality","ICIQ","B5"
"ICIS - International Conference on Information Systems","ICIS","A1"
"ICISO - International Conference on Informatics and Semiotics in Organisations","ICISO","B2"
"ICISS - International Conference on Information Systems Security","ICISS","B1"
"ICIST - International Conference on Information and Software Technologies","ICIST","B3"
"ICIT - IEEE International Conference on Industrial Technology","ICIT","B3"
"ICITS - International Conference on Information Theoretic Security","ICITS","B2"
"ICITST - International Conference for Internet Technology and Secured Transactions","ICITST","B1"
"ICIW - IARIA International Conference on Internet and Web Applications and Services","ICIW-IARIA","B5"
"ICLA - Indian Conference on Logic and its Applications","ICLA","B3"
"ICLP - International Conference on Logic Programming","ICLP","B1"
"ICM - International Conference on Microelectronics","ICM","B1"
"ICMC - International Computer Music Conference","ICMC","B1"
"ICME - IEEE International Conference on Multimedia and Expo","ICME","A2"
"ICML - International Conference on Machine Learning","ICML","A1"
"ICMLA - IEEE International Conference on Machine Learning and Applications","ICMLA","B1"
"ICMR - ACM International Conference on Multimedia Retrieval","ICMR","A1"
"ICN - ACM International Conference on Information-Centric Networking","ICN","A1"
"ICN - IARIA International Conference on Networks","ICN-IARIA","B5"
"ICNC - IInternational Conference on Natural Computation","ICNC","B1"
"ICNS - IARIA International Conference on Networking and Services","ICNS-IARIA","B5"
"ICNSC - IEEE International Conference on Networking, Sensing and Control","ICNSC","B1"
"ICOIN - International Conference on Information Networking","ICOIN","B1"
"ICOMP - International Conference on Internet Computing and Internet of Things","ICOMPWC","B5"
"ICONIP - International Conference on Neural Information Processing","ICONIP","B1"
"ICONS - IARIA International Conference on Systems","ICONS-IARIA","B5"
"ICORES - International Conference on Operations Research and Enterprise Systems","ICORES","B4"
"ICPADS - International Conference on Parallel and Distributed Systems","ICPADS","A2"
"ICPC - International Conference on Program Comprehension","ICPC","A2"
"ICPE - International Conference on Performance Engineering","ICPE","A2"
"ICPP - International Conference on Parallel Processing","ICPP","A1"
"ICPR - International Conference on Pattern Recognition","ICPR","A2"
"ICSC - International Conference on Semantic Computing","ICSC","B1"
"ICSE - International Conference on Software Engineering","ICSE","A1"
"ICSEA - IARIA International Conference on Software Engineering Advances","ICSEA-IARIA","B5"
"ICSEW - International Conference on Software Engineering Workshops","ICSEW","B4"
"ICSI - International Conference on Swarm Intelligence","ICSI","B1"
"ICSME - IEEE International Conference on Software Maintenance and Evolution","ICSM","A1"
"ICSNC - IARIA International Conference on Systems and Networks Communications","ICSNC-IARIA","B5"
"ICSOB - International Conference on Software Business","ICSOB","B1"
"ICSOC - International Conference on Service Oriented Computing","ICSOC","A2"
"ICSOFT - International Conference on Software and Data Technologies","ICSOFT","B1"
"ICSR - International Conference on Software Reuse","ICSR","B2"
"ICST - International Conference on Sensing Technology","ICST","B1"
"ICST - IEEE International Conference on Software Testing, Verification and Validation","ICSTV","A2"
"ICT - International Conference on Telecommunications","ICT","B1"
"ICTAC - International Colloquium on Theoretical Aspects of Computing","ICTAC","B2"
"ICTAI - IEEE International Conference on Tools with Artificial Intelligence","ICTAI","B1"
"ICTIR - Conference on the Theory of Information Retrieval","ICTIR","B2"
"ICTON - International Conference on Transparent Optical Networks","ICTON","B3"
"ICTSS - IFIP International Conference on Testing Software and Systems","ICTSS","B2"
"ICUAS - International Conference on Unmanned Aircraft Systems","ICUAS","B3"
"ICUMT - International Conference on Ultra Modern Telecommunications","ICUMT","B3"
"ICVR - International Conference on Virtual Rehabilitation","ICVR","B2"
"ICVS - International Conference on Computer Vision Systems","ICVS","B1"
"ICWE - International Conference on Web Engineering","ICWE","B1"
"ICWMC - IARIA International Conference on Wireless and Mobile Communications","ICWMC-IARIA","B5"
"ICWN - International Conference on Wireless Networks","ICWNWC","B5"
"ICWS - IEEE International Conference on Web Services","ICWS","A2"
"ICWSM - International AAAI Conference on Weblogs and Social Media","ICWSM","A1"
"IDC - International Symposium on Intelligent Distributed Computing","IDC","B2"
"IDCS - International Conference on Internet and Distributed Computing Systems","IDCS","B3"
"IDEAL - International Conference on Intelligent Data Engineering and Automated Learning","IDEAL","B2"
"IDEAS - International Database Engineering and Applications Symposium","IDEAS","B2"
"IEA/AIE - International Conference on Industrial Engineering & Other Applications of Appled Intelligence Systems","IEAAIE","B3"
"IECON - Annual Conference of the IEEE Industrial Electronics Society","IECON","B1"
"IEEEANTS - IEEE International Conference on Advanced Networks and Telecommuncations Systems","IEEEANTS","B1"
"IEEEECLOUD - IEEE International Conference on Cloud Computing","IEEECLOUD","A1"
"IA - IEEE Symposium on Intelligent Agents","IEEEIA","B4"
"IEEENANO - International Conference on Nanotechnology","IEEENANO","B3"
"SCC - IEEE International Conference on Services Computing","IEEESCC","A2"
"iEMSs - International Congress on Environmental Modelling & Software","IEMSS","B5"
"IESS - IFIP International Embedded Systems Symposium","IESS","B3"
"IFAC - World Congress of the International Federation of Automatic Control","IFAC","B1"
"IFM - International Conference on Integrated Formal Methods","IFM","B2"
"IFSA - World Congress of International Fuzzy Systems Association","IFSA","B2"
"IFUZZY - International Conference on Fuzzy Theory and its Applications","IFUZZY","B3"
"IGARSS - IEEE International Geoscience and Remote Sensing Symposium","IGARSS","B2"
"IGIC - IEEE International Games Innovation Conference","IGIC","B2"
"IGSC - International Green and Sustainable Computing Conference","IGSC","A2"
"IHC - Simpósio Brasileiro sobre Fatores Humanos em Sistemas Computacionais","IHC","B2"
"IHM - Conférence Francophone sur l Interaction Homme-Machine","IHM","B3"
"IIR - Italian Information Retrieval Workshop","IIR","B3"
"IISWC - IEEE International Symposium on Workload Characterization","IISWC","A2"
"iiWAS - International Conference on Information Integration and Web-based Applications & Services","IIWAS","B1"
"IJCAI - International Joint Conference on Artificial Intelligence","IJCAI","A1"
"IJCAR - International Joint Conference on Automated Reasoning","IJCAR","B2"
"IJCCI - International Joint Conference on Computational Intelligence","IJCCI","B3"
"IJCNN - IEEE International Joint Conference on Neural Networks","IJCNN","A1"
"ILP - International Conference on Inductive Logic Programming","ILP","B2"
"IM - IFIP/IEEE International Symposium on Integrated Network Management","IM","A2"
"IMC - ACM Internet Measurement Conference","IMC","A1"
"IMIS - International Conference on Innovative Mobile and Internet Services in Ubiquitous Computing","IMIS","A2"
"IMOC - SBMO/IEEE MTT-S International Microwave and Optoelectronics Conference","IMOC","B4"
"IMR - International Meshing Roundtable and User Forum","IMR","B2"
"IMS3TW - Annual International Mixed-Signals, Sensors and Systems Test Workshop","IMS3TW","B3"
"INCOS - International Conference on Intelligent Networking and Collaborative Systems","INCOS","B1"
"INDIN - IEEE International Conference on Industrial Informatics","INDIN","B1"
"INDUSCON - International Conference on Industry Applications","INDUSCON","B4"
"INFOCOM - IEEE International Conference on Computer Communications","INFOCOM","A1"
"CNTCV - IEEE Workshop on Communication & Networking Techniques for Contemporary Video","INFOCOMW","B4"
"INNOV - IARIA International Conference on Communications, Computation, Networks and Technologies","INNOV-IARIA","B5"
"INOC - International Network Optimization Conference","INOC","B5"
"INTECH - International Conference on Innovative Computing Technology","INTECH","B3"
"INTELLI - IARIA International Conference on Intelligent Systems and Applications","INTELLI-IARIA","B5"
"INTELLISYS - SAI Intelligent Systems Conference","INTELLISYS","B5"
"INTERACCION - International Conference on Human Computer Interaction","INTERACCION","B5"
"INTERACT - IFIP TC 13 International Conference on Human-Computer Interaction","INTERACT","A2"
"INTERSPEECH - Conference of the International Speech Communication Association","INTERSPEECH","A1"
"IOLTS - IEEE International On-Line Testing Symposium","IOLTS","B1"
"IPAW - International Provenance and Annotation Workshop","IPAW","B2"
"IPCCC - International Performance, Computing, and Communications Conference","IPCCC","B1"
"IPCO - Conference on Integer Programming and Combinatorial Optimization","IPCO","B1"
"IPCV - International Conference on Image Processing, Computer Vision, and Pattern Recognition","IPCVWC","B5"
"IPDPS - IEEE International Parallel & Distributed Processing Symposium","IPDPS","A1"
"IPDPSW - IEEE International Parallel & Distributed Processing Symposium Workshops","IPDPSW","B4"
"IPMU - International Conference on Information Processing and Management of Uncertainty in Knowledge-Based Systems","IPMU","B2"
"IPSN - International Conference on Information Processing in Sensor Networks","IPSN","A1"
"IRI - IEEE International Conference on Information Reuse and Integration","IRI","B1"
"IRMMW - International Conference on Infrared, Millimeter, and Terahertz Waves","IRMMW","B3"
"IROS - IEEE/RSJ International Conference on Intelligent Robots and Systems","IROS","A1"
"ISAAC - International Symposium Algorithms and Computation","ISAAC","B1"
"ISAP - International Conference on Intelligent System Applications to Power Systems","ISAP","B4"
"ISAmI - International Symposium on Ambient Intelligence","ISAmI","B2"
"ISBI - IEEE International Symposium on Biomedical Imaging","ISBI","B2"
"ISBRA - International Symposium on Bioinformatics Research and Applications","ISBRA","B3"
"ISC2 - IEEE International Smart Cities Conference","ISC2","B3"
"ISCA - International Symposium on Computer Architecture","ISCA","A1"
"ISCAS - IEEE International Symposium on Circuits and Systems","ISCAS","A1"
"ISCAW - Image-Based Smart City Application Workshop","ISCAW","B5"
"ISCC - International Symposium on Computers and Communications","ISCC","A2"
"ISCE - IEEE International Symposium on Consumer Electronics","ISCE","B3"
"ISCIS - International Symposium on Computer and Information Sciences","ISCIS","B1"
"ISCO - International Symposium on Combinatorial Optimization","ISCOPT","B3"
"ISCRAM - International Conference on Information Systems for Crisis Response and Management","ISCRAM","B4"
"ISDA - International Conference on Intelligent Systems Design and Applications","ISDA","B1"
"ISD - International Conference on Information Systems Development","ISDEVEL","B3"
"ISEOLE - International Workshop on Intelligent Support in Exploratory and Open-Ended Learning Environments","ISEOLE","B4"
"ISER - International Symposium on Experimental Robotics","ISER","B3"
"IS-EUD - International Symposium on End-User Development","ISEUD","B1"
"ISGT-Europe - IEEE International Conference on Innovative Smart Grid Technologies","ISGTEUROPE","B2"
"ISI - IEEE International Conference on Intelligence and Security Informatics","ISI","B1"
"ISIC - International Symposium on Integrated Circuits","ISIC","B2"
"ISIE - IEEE International Symposium on Industrial Electronics","ISIE","B2"
"ISIT - International Symposium on Information Theory","ISIT","A1"
"ISLPED - International Symposium on Low Power Electronics and Design","ISLPED","A2"
"ISM - IEEE International Symposium on Multimedia","ISM","B1"
"ISMAR - International Symposium on Mixed and Augmented Reality","ISMAR","A2"
"ISMIR - International Society for Music Information Retrieval Conference","ISMIR","A1"
"ISMIS - International Symposium on Methodologies for Intelligent Systems","ISMIS","B1"
"ISMM - International Symposium on Mathematical Morphology","ISMM","B1"
"ISNN - International Symposium on Neural Networks","ISNN","B1"
"ISOLA - International Symposium on Leveraging Applications of Formal Methods, Verification and Validation","ISOLA","B1"
"ISORC - IEEE International Symposium on RealTime Distributed Computing","ISORC","B1"
"ISPASS - IEEE International Symposium on Performance Analysis of Systems and Software","ISPASS","A2"
"ISPD - ACM International Symposium on Physical Design","ISPD","B1"
"ISPDC - International Symposium on Parallel and Distributed Computing","ISPDC","B1"
"ISQED - International Symposium on Quality Electronic Design","ISQED","B1"
"ISSI - International Society of Scientometrics and Informetrics Conference","ISSI","B3"
"ISSPIT - IEEE International Symposium on Signal Processing and Information Technology","ISSPIT","B2"
"ISSRE - IEEE International Symposium on Software Reliability Engineering","ISSRE","A2"
"ISSREW - IEEE International Symposium on Software Reliability Engineering Workshops","ISSREW","B4"
"ISSTA - International Symposium on Software Testing and Analysis","ISSTA","A1"
"iStar - International i*Workshop","ISTAR","B3"
"ISVC - International Symposium on Visual Computing","ISVC","B1"
"ISVLSI - IEEE Computer Society Annual Symposium on VLSI","ISVLSI","B1"
"ISWC - International Semantic Web Conference","ISWC","A1"
"ISWCS - International Symposium on Wireless Communication Systems","ISWCS","A2"
"IESD - Intenational Workshop on Intelligent Exploration of Semantic Data","ISWCW","B4"
"ISWPC - International Symposium on Wireless and Pervasive Computing","ISWPC","B5"
"ITA - International Conference on Internet Technologies and Applications","ITA","B4"
"ITC - International Test Conference","ITC","B1"
"ITHET - International Conference on Information Technology Based Higher Education and Training","ITHET","B2"
"ITiCSE - Conference on Innovation and Technology in Computer Science Education","ITICSE","A2"
"ITNG - International Conference on Information Technology : New Generations","ITNG","B1"
"ITS - International Conference on Intelligent Tutoring Systems","ITS","B1"
"ITSC - IEEE International Conference on Intelligent Transportation Systems","ITSC","B2"
"IUI - International Conference on Intelligent User Interfaces","IUI","A2"
"IV - International Conference on Information Visualization","IV","B1"
"IVA - International Conference on Intelligent Virtual Agents","IVA","B1"
"IVAPP - International Conference on Information Visualization Theory and Applications","IVAPP","B1"
"IVS - Intelligent Vehicles Symposium","IVS","B1"
"IWANN - International Work-Conference on Artificial and Natural Neural Networks","IWANN","B1"
"IWBBIO - International Work-Conference on Bioinformatics and Biomedical Engineering","IWBBIO","B2"
"IWBF - International Workshop on Biometrics and Forensics","IWBF","B3"
"IWC - International Workshop on Confluence","IWC","B5"
"IWCMC - International Wireless Communications and Mobile Computing Conference","IWCMC","A2"
"IWEI - International IFIP Working Conference on Enterprise Interoperability","IWEI","B3"
"IWOCA - International Workshop on Combinatorial Algorithms","IWOCA","B2"
"IWPSE - International Workshop on Principles of Software Evolution","IWPSE","B4"
"IWS - Iberchip Workshop","IWS","B5"
"IWSC - International Workshop on Smart Cities: People, Technology and Data","IWSC","B4"
"IWSECO - International Workshop on Software Ecosystems","IWSECO","B4"
"IWSG - International Workshop on Science Gateways","IWSG","B5"
"Mensura - International Conference on Measurement and Data Analytics","IWSM","B2"
"IWSSIP - International Conference on Systems, Signals and Image Processing","IWSSIP","B1"
"IWT - International Workshop on Telecommunications","IWT","B3"
"IbPRIA - Iberian Conference on Pattern Recognition and Image Analysis","IbPRIA","B2"
"IoTAAL - Workshop on Internet of Things for Ambient Assisted Living","IoTAAL","B4"
"JCDL - ACM/IEEE Joint Conference on Digital Libraries","JCDL","A2"
"JCSSE - International Joint Conference on Computer Science and Software Engineering","JCSSE","B2"
"JURIX - International Conference on Legal Knowledge and Information Systems","JURIX","B2"
"KDD - ACM SIGKDD Conference on Knowledge Discovery and Data Mining","KDD","A1"
"KDMiLe - Symposium on Knowledge Discovery, Mining and Learning","KDMILE","B5"
"KES - International Conference on Knowledge-Based and Intelligent Information & Engineering Systems","KES","B1"
"KES-AMSTA - International KES Conference on Agents and Multi-Agent Systems: Technologies and Applications","KESAMSTA","B1"
"KESW - International Conference on Knowledge Engineering and Semantic Web","KESW","B2"
"KMO - International Conference on Knowledge Management in Organizations","KMO","B3"
"KR - International Conference on Principles of Knowledge Representation and Reasoning","KR","A2"
"KSBT - Workshop on Knowledge, Skill, and Behavior Transfer in Autonomous Robots","KSBT","B4"
"KnowLOD - Workshop on Knowledge Discovery and Data Mining Meets Linked Open Data","KnowLOD","B4"
"LA-CCI - Latin American Conference on Computational Intelligence","LA-CCI","B4"
"LA-WEB - Latin American Web Congress","LA-WEB","B3"
"LAC - Linux Audio Conference","LAC","B5"
"LACLO - Latin American Conference on Learning Objects and Technologies","LACLO","B3"
"LADC - Latin-American Symposium on Dependable Computing","LADC","B3"
"LAFM - Latin American Workshop on Formal Methods","LAFM","B5"
"LAGOS - Latin-American Algorithms, Graphs and Optimization Symposium","LAGOS","B3"
"LAK - International Learning Analytics and Knowledge Conference","LAK","A1"
"LANC - Latin American Networking Conference","LANC","B3"
"LANCOMM - ACM SIGCOMM Workshop on Fostering Latin-American Research in Data Communication Networks","LANCOMM","B4"
"LANMAN - IEEE International Symposium on Local and Metropolitan Area Networks","LANMAM","B2"
"LANMR - Latin American Workshop on Logic/Languages, Algorithms and New Methods of Reasoning","LANMR","B5"
"LANOMS - Latin-American Network Operations and Management Symposium","LANOMS","B3"
"LARS - IEEE Latin American Robotics Symposium","LARS","B3"
"LASCAS - IEEE Latin American Symposium on Circuits and Systems","LASCAS","B2"
"LATIN - Latin American Symposium on Theoretical Informatics","LATIN","B1"
"LATINCLOUD - IEEE Latin America Conference on Cloud Computing and Communications","LATINCLOUD","B5"
"LATINCOM - IEEE Latin-American Conference on Communications","LATINCOM","B2"
"LATINCRYPT - International Conference on Cryptology and Information Security in Latin America","LATINCRYPT","B3"
"LATW - Latin American Test Workshop","LATW","B2"
"LAW - Linguistic Annotation Workshop","LAW","B3"
"LAWGC - Latin American Workshop on Cliques in Graphs","LAWCG","B5"
"LCDNET - Workshop on Lowest Cost Denominator Networking for Universal Access","LCDNET","B4"
"LCN - IEEE Conference on Local Computer Networks","LCN","B1"
"LCTES - ACM SIGPLAN/SIGBED Conference on Languages, Compilers, and Tools for Embedded Systems","LCTRTS","B2"
"LION - Learning and Intelligent Optimization Conference","LION","B1"
"LISS - International Conference on Logistics, Informatics and Services Sciences","LISS","B5"
"LPNMR - International Conference on Logic Programming and Non-monotonic Reasoning","LPNMR","B1"
"LRC - Workshop on Logical Reasoning and Computation","LRC","B5"
"LREC - International Conference on Language Resources and Evaluation","LREC","A1"
"LSFA - Workshop on Logical and Semantic Frameworks, with Applications","LSFA","B3"
"LightSec - International Workshop on Lightweight Cryptography for Security & Privacy","LightSec","B3"
"M4IOT - Workshop on Middleware for Context-Aware Applications in the IoT","M4IOT","B4"
"MABS - International Workshop on Multi-Agent Based Simulation","MABS","B4"
"ManSDN/NFV - International Workshop on Management of SDN and NFV Systems","MANSDNNFV","B4"
"MARMI - International Workshop on Multimedia Analysis and Retrieval for Multimodal Interaction","MARMI","B4"
"MASCOTS - International Symposium on the Modeling, Analysis, and Simulation of Computer and Telecommunication Systems","MASCOTS","A2"
"MASLE - Workshop in Multiagent System Based Learning Environments","MASLE","B5"
"MASS - Mobility Analytics from Spatial and Social Data","MASS","B4"
"MATES - German Conference on Multiagent System Technologies","MATES","B2"
"MCDM - International Conference on Multiple Criteria Decision Making","MCDM","B5"
"MCPR - Mexican Conference on Pattern Recognition","MCPR2","B2"
"MCS - International Workshop on Multiple Classifier Systems Multiple Classifier Systems","MCS","B2"
"MDAI - International Conference on Modeling Decisions for Artificial Intelligence","MDAI","B2"
"MDM - IEEE International Conference on Mobile Data Management","MDM","A2"
"MDMW - IEEE International Conference on Mobile Data Management Workshops","MDMW","B4"
"MED - Mediterranean Conference on Control and Automation","MED","B3"
"MEDES - International Conference on Management of Emergent Digital EcoSystems","MEDES","B2"
"Med-Hoc-Net - Mediterranean Ad Hoc Networking Workshop","MEDHOCNET","B1"
"MEDIAN - Workshop On Manufacturable and Dependable Multicore Architectures at Nanoscale","MEDIAN","B5"
"MeMeA - IEEE International Symposium on Medical Measurements and Applications","MEMEA","B3"
"MIC - Metaheuristics International Conference","MIC","B5"
"MICAI - Mexican International Conference on Artificial Intelligence","MICAI","B1"
"MICCAI - International Conference on Medical Image Computing and Computer Assisted Intervention","MICCAI","A1"
"MIDDLEWARE - International Middleware Conference","MIDDLEWARE","A2"
"MIG - ACM Siggraph Conference on Motion in Games","MIG","B1"
"MIKON - International Conference on Microwave, Radar and Wireless Communications","MIKON","B5"
"MISE - Workshop on Modeling in Software Engineering","MISE","B4"
"MLDM - International Conference on Machine Learning and Data Mining in Pattern Recognition","MLDM","B1"
"MLSP - IEEE International Workshop on Machine Learning for Signal Processing","MLSP","B1"
"MMEDIA - International Conferences on Advances in Multimedia","MMEDIA-IARIA","B5"
"MMM - International Conference on Multimedia Modelling","MMM","B1"
"MMSP - International Workshop on Multimedia and Signal Processing","MMSP","B1"
"MMSys - ACM Multimedia Systems Conference","MMSYS","A2"
"MOBICOM - ACM/IEEE International Conference on Mobile Computing and Networking","MOBICOM","A1"
"MOBIHOC - ACM International Symposium on Mobile Ad Hoc Networking and Computing","MOBIHOC","A2"
"MOBILECLOUD - International Conference on Mobile Cloud, Computing and Service Engineering","MOBILECLOUD","B2"
"MOBILEHCI - International Conference on Human-Computer Interaction with Mobile Devices and Services Adjunct","MOBILEHCI","A1"
"MOBILEHCIW - International Conference on Human-Computer Interaction with Mobile Devices and Services Workshops","MOBILEHCIW","B4"
"MOBILESOFT - International Conference on Mobile Software Engineering and Systems","MOBILESOFT","B2"
"MOBILWARE - International Conference on MOBILe Wireless MiddleWARE, Operating Systems, and Applications","MOBILWARE","B3"
"MobiQuitous - International Conference on Mobile and Ubiquitous Systems: Computing, Networking and Services","MOBIQUITOUS","B1"
"MOBIWAC - ACM International Symposium on Mobility Management and Wireless Access","MOBIWAC","B2"
"MOCRYSEN - International Workshop on Modern Cryptography and Security Engineering","MOCRYSEN","B4"
"MODELS - International Conference on Model Driven Engineering Languages and Systems","MODELS","A2"
"MODELSWARD - International Conference on Model-Driven Engineering and Software Development","MODELSWARD","B2"
"MODULARITY - International Conference on Modularity","MODULARITY","A2"
"MODULARITYW - International Conference on Modularity Workshops","MODULARITYW","B4"
"MPPU - Models and Paradigms for Planning under Uncertainty: a Broad Perspective Workshop","MPPU","B4"
"MS - IEEE International Conference on Mobile Services","MS","B2"
"MSSUW - IEEE MS Special Track on Services for the Ubiquitous Web","MS-ST","B5"
"MSI - International Conference on Modelling, Simulation and Identification","MSI","B5"
"MSN - International Conference on Mobile Ad-Hoc and Sensor Networks","MSN","B2"
"MSR - Working Conference on Mining Software Repositories","MSR","A1"
"MSST - IEEE Symposium on Mass Storage Systems and Technologies","MSST","A2"
"MSV - International Conference on Modeling, Simulation and Visualization Methods","MSVWC","B5"
"MSWiM - ACM International Conference on Modeling, Analysis and Simulation of Wireless and Mobile Systems","MSWIM","B1"
"MTD - International Workshop on Managing Technical Debt","MTD","B4"
"MTSR - International Conference on Metadata and Semantics Research","MTSR","B2"
"MUCS - IEEE Workshop on Managing Ubiquitous Communications and Services","MUCS","B4"
"MULTIPROG - Workshop on Programmability Issues for Heterogeneous Multicore","MULTIPROG","B4"
"MUM - International Conference on Mobile and Ubiquitous Multimedia","MUM","B1"
"MWAIL - ICAIL Multi-Lingual Workshop on AI & Law","MWAIL","B4"
"MWE - Workshop on Multiword Expressions","MWE","B4"
"MWSCAS - International Midwest Symposium on Circuits and Systems","MWSCAS","B1"
"Matheuristics - International Workshop on Model-based metaheuristics","Matheuristics","B5"
"MetaSel - International Workshop on Meta-Learning and Algorithm Selection","MetaSel","B4"
"MoWNeT - International Conference on Selected Topics in Mobile and Wireless Networking","MoWNeT","B5"
"MobiArch - Workshop on Mobility in the Evolving Internet Architecture","MobiArch","B4"
"NaBIC - World Congress on Nature and Biologically Inspired Computing","NABIC","B2"
"NAFIPS - Annual Conference of the North American Fuzzy Information Processing Society","NAFIPS","B2"
"NCA - IEEE International Symposium on Network Computing and Applications","NCA","B1"
"NESY@HLAI - Workshop on Neural-Symbolic Learning and Reasoning","NESY@HLAI","B4"
"Networking - IFIP Networking Conference","NETWORKING","A2"
"NETWORKS - International Telecommunications Network Strategy and Planning Symposium","NETWORKS","B3"
"NEW2AN - International Conference on Internet of Things, Smart Spaces, and Next Generation Networks and Systems","NEW2AN","B2"
"NEWCAS - IEEE International New Circuits and Systems Conference","NEWCAS","B1"
"NEWSIR - International Workshop on Recent Trends in News Information Retrieval","NEWSIR","B4"
"NFM - NASA Formal Methods Symposium","NFM","A2"
"NFV-SDN - IEEE Conference on Network Function Virtualization and Software Defined Networks","NFV-SDN","B2"
"NFMCP - International Workshop on New Frontiers in Mining Complex Patterns","NFmcp","B4"
"NIDISC - International Workshop on Nature Inspired Distributed Computing","NIDISC","B4"
"NIME - International Conference on New Interfaces for Musical Expression","NIME","B1"
"NLDB - International Conference on Application of Natural Language to Information Systems","NLDB","B1"
"NLPCS - International Workshop on Natural Language Processing and Cognitive Science","NLPCS","B5"
"NOF - International Conference on Network of the Future","NOF","B2"
"NOMS - IEEE/IFIP Network Operations and Management Symposium","NOMS","A2"
"NRW - Asia Pacific Advanced Network Research Workshop","NRW","B5"
"NSDI - Networked Systems Design and Implementation","NSDI","A1"
"NTMS - IFIP International Conference on New Technologies, Mobility and Security","NTMS","B1"
"NordiCHI - Nordic Conference on Human-Computer Interaction","NordiCHI","B1"
"OFC - IEEE Optical Fiber Communication Conference","OFC","B1"
"OM - International Workshop on Ontology Matching","OM","A2"
"ONTOBRAS - Brazilian Seminar on Ontologies","ONTOBRAS","B3"
"OOPSLA - Conference on Object-Oriented Programming Systems, Languages, and Applications","OOPSLA","A1"
"OPODIS - International Conference on Principles of Distributed Systems","OPODIS","B1"
"OR - International Conference on Operations Research","OR","B2"
"OSS - International Conference on Open Source Systems","OSS","B2"
"OzCHI - Australian Conference on Human-Computer Interaction","OzCHI","B1"
"P2P - International Conference on Peer-to-Peer Computing","P2P","B1"
"PAAMS - International Conference on Practical Applications of Agents, Multi-Agent Systems and Sustainability","PAAMS","B1"
"PAAMSW - International Workshops of Practical Applications of Agents, Multi-Agent Systems, and Sustainability","PAAMSW","B5"
"PACIS - Pacific Asia Conference on Information Systems","PACIS","B1"
"PACT - International Conference on Parallel Computing Technologies","PACT","B1"
"PACT - International Conference on Parallel Architectures and Compilation Techniques","PACTT","A1"
"PADS - ACM SIGSIM Conference on Principles of Advanced Discrete Simulation","PADS","B1"
"PAKDD - Pacific-Asia Conference on Knowledge Discovery and Data Mining","PAKDD","A2"
"PAM - Passive and Active Network Measurement Conference","PAM","A2"
"PATAT - International Conference on the Practice and Theory of Automated Timetabling","PATAT","B5"
"PATMOS - International Workshop on Power and Timing Modeling, Optimization and Simulation","PATMOS","B3"
"PATTERNS - International Conferences on Pervasive Patterns and Applications","PATTERNS","B5"
"PCS - Picture Coding Symposium","PCS","B1"
"PDCAT - International Conference on Parallel and Distributed Computing, Applications and Technologies","PDCAT","B1"
"PDES - IFAC International Conference on Programmable Devices and Embedded Systems","PDES","B2"
"PDP - Euromicro International Conference on Parallel, Distributed and Network-Based Processing","PDP","A2"
"PDPTA - International Conference on Parallel and Distributed Processing Techniques and Applications","PDPTAWC","B5"
"PE-WASUM - ACM International Symposium on Performance Evaluation of Wireless Ad Hoc, Sensor, and Ubiquitous Networks","PE-WASUN","B2"
"PERCOM - International Conference on Pervasive Computing and Communications","PERCOM","A1"
"PESGM - IEEE Power & Energy Society General Meeting","PESGM","B1"
"PESOS - International Workshop on Principles of Engineering Service-Oriented and Cloud Systems","PESOS","B4"
"PETRA - ACM International Conference on PErvasive Technologies Related to Assistive Environments","PETRA","B1"
"PGM - International Conference on Probabilistic Graphical Models","PGM","B3"
"PIMRC - International Symposium on Personal, Indoor and Mobile Radio Communications","PIMRC","A1"
"PLATEAU - Workshop on Evaluation and Usability of Programming Languages and Tools","PLATEAU","B4"
"PLDI - SIGPLAN Conference on Programming Language Design and Implementation","PLDI","A1"
"PLOP - Conference on Pattern Languages of Programs","PLOP","B2"
"PLP - International Workshop on Probabilistic Programming","PLP","B5"
"POPL - Symposium on Principles of Programming Languages","POPL","A1"
"POST - International Conference on Principles of Security and Trust","POST","B2"
"PPDP - International Symposium on Principles and Practice of Declarative Programming","PPDP","B1"
"PPNIV - Workshop on Planning, Perception and Navigation for Intelligent Vehicles","PPNIV","B4"
"PPoPP - ACM SIGPLAN Symposium on Principles and Practice of Parallel Programming","PPOPP","A1"
"PPSN - International Conference on Parallel Problem Solving from Nature","PPSN","B1"
"PRDC - Pacific Rim International Symposium on Dependable Computing","PRDC","B1"
"PRIB - IAPR International Conference on Pattern Recognition in Bioinformatics","PRIB","B2"
"PRIMA - International Conference on Principles and Practice of Multi-Agent Systems","PRIMA","B2"
"PROFES - International Conference on Product-Focused Software Process Improvement","PROFES","B1"
"PROMISE - International Conference on Predictive Models and Data Analytics in Software Engineering","PROMISE","B2"
"PROPOR - International Conference on Computational Processing of the Portuguese Language","PROPOR","B3"
"PSCC - Power Systems Computation Conference","PSCC","B2"
"PST - International Conference on Privacy, Security and Trust","PST","B1"
"PacificVis - IEEE Pacific Visualization Symposium","PacificVis","A2"
"ParCO - International Conference on Parallel Computing","ParCO","B1"
"PerCol - International Workshop on Pervasive Collaboration and Social Networking","PerCol","B4"
"PerComW - IEEE International Conference on Pervasive Computing and Communication Workshops","PerComW","B4"
"PoEM - IFIP WG 8.1 Working Conference on the Practice of Enterprise Modelling","PoEM","B5"
"Q2SWinet - ACM Symposium on QoS and Security for Wireless and Mobile Networks","Q2SWinet","B2"
"QEST - International Conference on Quantitative Evaluation of Systems","QEST","B1"
"QMMQ - Quality of Models and Models of Quality Workshop","QMMQ","B5"
"QRS - IEEE International Conference on Software Quality, Reliability and Security","QRS","B3"
"QRSW - IEEE International Conference on Software Quality, Reliability and Security Companion","QRSW","B5"
"QUATIC - International Conference on Quality of Information and Communications Technology","QUATIC","B2"
"QoMEX - International Workshop on Quality of Multimedia Experience","QoMEX","B1"
"QoSA - International ACM Sigsoft Conference on the Quality of Software Architectures","QoSA","B2"
"RACS - Conference on Research in Adaptive and Convergent Systems","RACS","B2"
"RADECS - European Conference on Radiation Effects on Components and Systems","RADECS","B3"
"RAHA - IEEE Internacional Conference on Robotics and Automation for Humanitarian Applications","RAHA","B4"
"RAMS - Annual Reliability and Maintainability Symposium","RAMS","B1"
"RANLP - International Conference on Recent Advances in Natural Language Processing","RANLP","B1"
"RCIS - International Conference on Research Challenges in Information Science","RCIS","B1"
"RE - IEEE International Requirements Engineering Conference","RE","A2"
"RECOMB - International Conference on Research in Computational Molecular Biology","RECOMB","A2"
"RECONFIG - International Conference on Reconfigurable Computing and FPGAs","RECONFIG","B1"
"RECOSOC - International Symposium on Reconfigurable Communication-centric Systems-on-Chip","RECOSOC","B1"
"RecSYS - ACM Conference on Recommender Systems","RECSYS","A1"
"REFSQ - International Working Conference on Requirements Engineering: Foundations for Software Quality","REFSQ","B1"
"RELAW - International Workshop on Requirements Engineering and Law","RELAW","B4"
"REM - Workshop on Reactivity, Events and Modularity","REM","B5"
"RESER - International Workshop on Replication in Empirical Software Engineering Research","RESER","B5"
"RFID - IEEE International Conference on RFID","RFID","B1"
"RoboCup - Robocup International Symposium","ROBOCUP","B1"
"ROSE - IEEE International Symposium on Robotic and Sensors Environments","ROSE","B2"
"RSP - IEEE International Symposium on Rapid System Prototyping","RSP","B2"
"RTCSA - International Conference on Embedded and Real-Time Computing Systems and Applications","RTCSA","B1"
"RTSS - Real-Time Systems Symposium","RTSS","A2"
"ruSMART - Conference on Internet of Things and Smart Spaces","RUSMART","B2"
"RePa - IEEE International Workshop on Requirements Patterns","RePa","B4"
"RuleML - International Web Rule Symposium","RuleML","B1"
"SACCONET - International Conference on Smart Communications in Network Technologies","SACCONET","B5"
"SACI - IEEE International Symposium on Applied Computational Intelligence and Informatics","SACI","B1"
"SAC - Workshop on Selected Areas in Cryptography","SACRYPT","A2"
"SAFECOMP - International Conference on Computer Safety, Reliability, and Security","SAFECOMP","B1"
"SAICC - Science and Information Conference","SAICC","B3"
"SAM - Sensor Array and Multichannel Signal Processing Workshop","SAM","B3"
"SAMOS - International Conference on Embedded Computer Systems: Architectures, Modeling and Simulation","SAMOS","B1"
"SAM - International Conference on Security and Management","SAMWC","B5"
"TISE - Congreso Internacional de Informática Educativa","TISE","B5"
"SANER - IEEE International Conference on Software Analysis, Evolution and Reengineering","SANER","A2"
"SAS - IEEE Sensors Applications Symposium","SAS","B1"
"SASO - International Conference on Self-Adaptive and Self-Organizing Systems","SASO","B1"
"SAST - Brazilian Workshop on Systematic and Automated Software Testing","SAST","B5"
"SAT - International Conference on Theory and Applications of Satisfiability Testing","SAT","A2"
"SBAC-PAD - International Symposium on Computer Architecture and High Performance Computing","SBAC-PAD","B1"
"SBACPADW - International Symposium on Computer Architecture and High Performance Computing Workshop","SBACPADW","B4"
"SBAI - Simpósio Brasileiro de Automação Inteligente","SBAI","B5"
"SBBD - Simpósio Brasileiro de Banco de Dados","SBBD","B2"
"SBCARS - Brazilian Symposium on Components, Architectures and Reuse Software","SBCARS","B3"
"SBCCI - Symposium on Integrated Circuits and Systems Design","SBCCI","B2"
"SBCM - Simpósio Brasileiro de Computação Musical","SBCM","B3"
"SBCUP - Simpósio Brasileiro de Computação Ubíqua e Pervasiva","SBCUP","B4"
"SBES - Brazilian Symposium on Software Engineering","SBES","B2"
"SBESC - Brazilian Symposium on Computing System Engineering","SBESC","B2"
"SBGames - Simpósio Brasileiro de Jogos e Entretenimento Digital","SBGAMES","B2"
"SBIA - Brazilian Symposium on Artificial Intelligence","SBIA","B2"
"SBIAGRO - Congresso Brasileiro de Agroinformática","SBIAGRO","B5"
"SBIE - Simpósio Brasileiro de Informática na Educação","SBIE","B1"
"SBLP - Brazilian Symposium on Programming Languages","SBLP","B3"
"SBMF - Brazilian Symposium on Formal Methods","SBMF","B3"
"SBMicro - Symposium on Microelectronics Technology and Devices","SBMICRO","B4"
"SBPO - Simpósio Brasileiro de Pesquisa Operacional","SBPO","B4"
"SBQS - Simpósio Brasileiro de Qualidade de Software","SBQS","B3"
"SBRC - Simpósio Brasileiro de Redes de Computadores e Sistemas Distribuídos","SBRC","B2"
"SBSC - Simpósio Brasileiro de Sistemas Colaborativos","SBSC","B3"
"SBSI - Simpósio Brasileiro de Sistemas de Informação","SBSI","B2"
"SBST - International Workshop on Search-Based Software Testing","SBST","B4"
"SBSeg - Simpósio Brasileiro em Segurança da Informação e de Sistemas Computacionais","SBSeg","B3"
"SC - International Conference for High Performance Computing, Networking, Storage and Analysis","SC","A1"
"SCAM - IEEE International Working Conference on Source Code Analysis and Manipulation","SCAM","B1"
"SCCC - International Conference of the Chilean Computer Science Society","SCCC","B3"
"SCCTSA - International Workshop on Smart City Clouds: Technologies, Systems and Applications","SCCTSA","B4"
"SCGSE - Workshop on Software Support for Collaborative and Global Software Engineering","SCGSE","B4"
"SCSC - Summer Computer Simulation Conference","SCSC","B5"
"SCSM - International Conference on Social Computing and Social Media","SCSM","B2"
"SCSS - International Symposium on Symbolic Computation in Software Science","SCSS","B4"
"SDH - International Symposium on Spatial Data Handling","SDH","B5"
"SDE - IEEE Symposium on Differential Evolution","SDIEV","B4"
"SDL - Symposium on Dynamic Languages","SDL","B2"
"SDM - SIAM International Conference on Data Mining","SDM","A1"
"SEA - International Symposium on Experimental Algorithms","SEA","A2"
"SEAMS - International Symposium on Software Engineering for Adaptive and Self-Managing Systems","SEAMS","A2"
"SEARIS - Workshop on Software Engineering and Architectures for Realtime Interactive Systems","SEARIS","B4"
"SEAWAVE - Workshop on Seamless Adaptive Multi-cloud Management of Service-based Applications","SEAWAVE","B5"
"SEC - International Conference on ICT Systems Security and Privacy Protection","SEC","B1"
"SECURWARE - IARIA International Conference on Emerging Security Information, Systems and Technologies","SECURWARE-IARIA","B5"
"SEFM - International Conference on Software Engineering and Formal Methods","SEFM","B1"
"SeGAH - International Conference on Serious Games and Applications for Health","SEGAH","B3"
"SEKE - International Conference on Software Engineering and Knowledge Engineering","SEKE","B1"
"SEM - Joint Conference on Lexical and Computational Semantics","SEM","B4"
"SEMAPRO - IARIA International Conference on Advances in Semantic Processing","SEMAPROIARIA","B5"
"SemEval - International Workshop on Semantic Evaluation","SEMEVAL","B5"
"SEMISH - Seminário Integrado de Software e Hardware","SEMISH","B4"
"SENSORNETS - International Conference on Sensor Networks","SENSORNETS","B3"
"SENSORS - IEEE Sensors","SENSORS","B3"
"SERP - International Conference on Software Engineering Research and Practice","SERPWC","B5"
"SERVICES - IEEE World Congress on Services","SERVICES","A2"
"SESCPS - International Workshop on Software Engineering for Smart Cyber-Physical Systems","SESCPS","B4"
"SESENA - International Workshop on Software Engineering for Sensor Network Applications","SESENA","B5"
"SESoS - International Workshop on Software Engineering for Systems-of-Systems","SESoS","B4"
"SET - Software Engineering Track","SET","B4"
"SHAPES - Interdisciplinary Worshop The Shape of Things","SHAPES","B4"
"SIBGRAPI - Conference on Graphics, Patterns and Images","SIBGRAPI","B1"
"SIGCOMM - ACM SIGCOMM Conference","SIGCOMM","A1"
"SIGCSE - ACM Technical Symposium on Computer Science Education","SIGCSE","A1"
"SIGDOC - ACM International Conference on Design of Communication","SIGDOC","B2"
"TLCA - International Conference on Typed Lambda Calculi and Applications","TLCA","B3"
"SIGGRAPH - International Conference and Exibition on Computer Graphics and Interactive Techniques","SIGGRAPH","A2"
"SIGGRAPH-Asia - Conference on Computer Graphics and Interactive Techniques","SIGGRAPH-Asia","B5"
"SIGIR - International ACM SIGIR Conference on Research and Development in Information Retrieval","SIGIR","A1"
"SIGMOD - ACM Conference on Management Data","SIGMOD","A1"
"SIIE - Simpósio Internacional de Informática Educatica","SIIE","B3"
"SIMULTECH - International Conference on Simulation and Modeling Methodologies, Technologies and Applications","SIMULTECH","B2"
"SIMUTools - International Conference on Simulation Tools and Techniques","SIMUTOOLS","B1"
"SISAP - International Conference on Similarity Search and Applications","SISAP","B2"
"SIYSTOR - ACM International on Systems and Storage Conference","SIYSTOR","B2"
"SLISW - Simposio Latinoamericano de Ingeniería de Software","SLISW","B5"
"SLT - Workshop on Spoken Language Technology","SLT","A2"
"SMARTGREENS - International Conference on Smart Grids and Green ICT Systems","SMARTGREENS","B3"
"SmartGridComm - IEEE International Conference on Smart Grid Communications","SMARTGRIDCOMM","B1"
"SMC - IEEE International Conference on Systems, Man and Cybernetics","SMC","A2"
"SMC - Sound and Music Computing Conference","SMusC","B5"
"SNAA - Workshop on Social Network Analysis in Applications","SNAA","B4"
"SOC - International Symposium on System-on-Chip","SOC","B3"
"SOCC - IEEE International System-on-Chip Conference","SOCC","B2"
"SocialCom - International Conference on Social Computing","SOCIALCOM","A1"
"SOCIALEDU - International Workshop on Social Computing in Digital Education","SOCIALEDU","B4"
"SocInfo - International Conference on Social Informatics","SOCINFO","B1"
"SOCM - International Workshop on the Theory and Practice of Social Machines","SOCM","B4"
"SC - International Conference on Software Composition","SOCO","B4"
"SoCS - International Symposium on Combinatorial Search","SOCS","B1"
"SODA - ACM-SIAM Symposium on Discrete Algorithms","SODA","A1"
"SOFSEM - International Conference on Current Trends in Theory and Practice of Computer Science","SOFSEM","B1"
"SoftCOM - International Conference on Software, Telecommunications and Computer Networks","SOFTCOM","B1"
"SOFTENG - IARIA International Conference on Advances and Trends in Software Engineering","SOFTENG-IARIA","B5"
"SORT - IEEE Workshop on Self-Organizing Real-Time Systems","SORT","B4"
"SOSE - IEEE International Symposium on Service-Oriented System Engineering","SOSE","B1"
"SPA - Signal Processing: Algorithms, Architectures, Arrangements, and Applications Conference","SPA","B3"
"SPACE - International Conference on Security, Privacy, and Applied Cryptography Engineering","SPACE","B3"
"SPECTS - International Symposium on Performance Evaluation of Computer and Telecommunications Systems","SPECTS","B5"
"SPIN - International SPIN symposium on Model Checking of Software","SPIN","B2"
"SPIRE - International Symposium on String Processing and Information Retrieval","SPIRE","B1"
"SPLC - International Software Product Line Conference: New Directions in Systems and Software Product Line Engineering","SPLC","A1"
"SRDS - IEEE Symposium on Reliable Distributed Systems","SRDS","B1"
"SSBSE - International Symposium on Search Based Software Engineering","SSBSE","B1"
"SSC - Social Simulation Conference","SSC","B5"
"SSDBM - International Conference on Scientific and Statistical Database Management","SSDBM","B1"
"SSIAI - Southwest Symposium on Image Analysis and Interpretation","SSIAI","B3"
"SSPR - International Workshop on Structural and Syntactic Pattern Recognition","SSPR","B2"
"SSTD - International Symposium on Spatial and Temporal Databases","SSTD","B1"
"STAG - Eurographics Italian Chapter Conference","STAG","B3"
"STIL - Brazilian Symposium in Information and Human Language Technology","STIL","B3"
"SugarLoafPLop - Latin American Conference on Pattern Languages of Programming","SUGARLOAFPLOP","B4"
"SUM - International Conference on Scalable Uncertainty Management","SUM","B1"
"SummerSim - Summer Simulation Multi-conference","SUMMERSIM","B4"
"SVR - Symposium on Virtual and Augmented Reality","SVR","B2"
"SWEET - Workshop on Scalable Workflow Execution Engines and Technologies","SWEET","B4"
"SWWS - International Conference on Semantic Web and Web Services","SWWSWC","B5"
"SYSCON - IEEE International Systems Conference","SYSCON","B1"
"SYSTOL - Conference on Control and Fault-Tolerant Systems","SYSTOL","B2"
"Scrowd - Workshop de Sistemas de Crowdsourcing","Scrowd","B5"
"SeCoGIS - International Workshop on Semantic and Conceptual Issues in Geographic Information Systems","SeCoGis","B4"
"SenSys - ACM Conference on Embedded Network Sensor Systems","SenSys","A1"
"SmartObjects - Workshop on Interacting with Smart Objects","SmartObjects","B4"
"SoWeMi - International Workshop on Mining the Social Web","SoWeMi","B5"
"SustainIT - Conference on Sustainable Internet and ICT for Sustainability","SustainIT","B3"
"T&D - IEEE/PES Transmission and Distribution Conference and Exposition","T&D","B3"
"T&DLA - IEEE PES Transmission & Distribution Conference and Exposition Latin America","T&DLA","B4"
"TABLEAUX - International Conference on Automated Reasoning with Analytic Tableaux and Related Methods","TABLEAUX","B2"
"ITS - International Conference on Interactive Tabletops and Surfaces","TABLETOPS","A2"
"TAP - International Conference on Tests and Proofs","TAP","B2"
"TAROS - Conference Towards Autonomous Robotics Systems","TAROS","B2"
"TEI - International Conference on Tangible, Embedded and Embodied Interaction","TEI","A2"
"TPDL - International Conference on Theory and Practice of Digital Libraries","TPDL","B1"
"TREC - Text Retrieval Conference","TREC","A2"
"TrustCom - International Conference on Trust, Security and Privacy in Computing and Communications","TRUSTCOM","A2"
"TSD - International Conference on Text, Speech and Dialogue","TSD","B1"
"TVX - International Conference on Interactive Experiences for Television and Online Video","TVX","B3"
"TaPP - International Workshop on Theory and Practice of Provenance","TaPP","B5"
"ToRPorEsp - Workshop on Tools and Resources for Automatically Processing Portuguese and Spanish","ToRPorEsp","B5"
"UAHCI - International Conference Universal Access in Human-Computer Interaction","UAHCI","B2"
"UAI - Conference on Uncertainty in Artificial Intelligence","UAI","A1"
"UBICOMM - IARIA International Conference on Mobile Ubiquitous Computing, Systems, Services and Technologies","UBICOMM-IARIA","B5"
"UCAMI - International Conference on Ubiquitous Computing and Ambient Intelligence","UCAMI","B2"
"UCC - IEEE/ACM International Conference on Utility and Cloud Computing","UCC","A2"
"UCHPC - Workshop on UnConventional High Performance Computing","UCHPC","B4"
"UIC - IEEE International Conference on Ubiquitous Intelligence and Computing","UIC","B2"
"UIST - User Interface Software Technology Symposium","UIST","A1"
"UKSim - International Conference on Computer Modelling and Simulation","UKSIM","B1"
"UMAP - International Conference on User Modeling, Adaptation and Personalization","UMAP","A2"
"UNET - International Symposium on Ubiquitous Networking","UNET","B5"
"UNIF - International Workshop on Unification","UNIF","B4"
"URSW - International Workshop on Uncertainty Reasoning for the Semantic Web","URSW","B4"
"UbiComp - ACM International Joint Conference on Pervasive and Ubiquitous Computing","UbiComp","A1"
"UbiSafe - IEEE International Symposium on UbiSafe Computing","UbiSafe","B4"
"VaMoS - International Workshop on Variability Modelling of Software-intensive Systems","VAMOS","A2"
"VAMR - International Conference on Virtual, Augmented and Mixed Reality","VAMR","B2"
"VAST - IEEE Conference on Visual Analytics Science and Technology","VAST","A2"
"VCIP - IEEE International Conference on Visual Communications and Image Processing","VCIP","B1"
"VECPAR - International Meeting on High Performance Computing for Computational Science","VECPAR","B2"
"VEM - Workshop on Software Visualization, Evolution and Maintenance","VEM","B5"
"VISAPP - International Conference on Computer Vision Theory and Applications","VISAPP","B1"
"VISSOFT - IEEE Working Conference on Software Visualization","VISSOFT","B1"
"VLHCC - IEEE Symposium on Visual Languages and Human-Centric Computing","VLHCC","B1"
"VLSI-SOC - International Conference on Very Large Scale Integration","VLSI","B1"
"VLSID - International Conference on VLSI Design","VLSID","B1"
"VMV - Vision, Modeling & Visualization","VMV","B2"
"VNC - IEEE Vehicular Networking Conference","VNC","A2"
"VNS - International Conference on Variable Neighborhood Search","VNS","B3"
"VPQM - International Workshop on Video Processing and Quality Metrics for Consumer Electronics","VPQM","B5"
"VR - IEEE Virtual Reality Conference","VR","B1"
"VRCIA - International Conference on Virtual Reality Continuum and its Applications","VRCAI","B1"
"VRST - ACM Symposium on Virtual Reality Software and Technology","VRST","B2"
"VTC - Vehicular Technology Conference","VTC","B1"
"VTS - IEEE VLSI Test Symposium","VTS","B1"
"AAAIW - Workshop on Symbiotic Cognitive Systems","W","B4"
"W2GIS - International Symposium Web and Wireless Geographical Information Systems","W2GIS","B2"
"W4A - Conference on Web Accessibility","W4A","B1"
"WABI - Workshop on Algorithms in Bioinformatics","WABI","B1"
"WACV - Winter Conference on Applications of Computer Vision","WACV","A1"
"WALCOM - International Workshop on Algorithms and Computation","WALCOM","B2"
"WAMCA - Workshop on Applications for Multi-Core Architectures","WAMCA","B4"
"WAOA - Workshop on Approximation and Online Algorithms","WAOA","B2"
"WAPCO - Workshop on Approximate Computing","WAPCO","B5"
"WCAMA - Workshop de Computação Aplicada à Gestão do Meio Ambiente e Recursos Naturais","WCAMA","B5"
"WCAS - Workshop on Circuits and Systems Design","WCAS","B5"
"WCCI - IEEE World Congress on Computational Intelligence","WCCI","B3"
"WCGE - Workshop de Computação Aplicada ao Governo Eletrônico","WCGE","B5"
"WCNC - IEEE Wireless Communications and Networking Conference","WCNC","B1"
"WCRE - Working Conference on Reverse Engineering","WCRE","A2"
"WD - Wireless Days Conference","WD","B1"
"WDES - Workshop de Desenvolvimento Distribuído de Software","WDES","B5"
"WEAC - Workshop sobre Educação em Arquitetura de Computadores","WEAC","B5"
"WEB3D - International Conference on 3D Web Technology","WEB3D","B1"
"WEBIST - International Conference on Web Information Systems and Technologies","WEBIST","B2"
"WebMedia - Brazilian Symposium on Multimedia and the Web","WEBMEDIA","B2"
"WebSci - Web Science Conference","WEBSCI","A2"
"WEI - Workshop sobre Educação em Computação","WEI","B3"
"WEIHC - Workshop sobre Ensino de IHC","WEIHC","B5"
"WER - Workshop on Requirements Engineering","WER","B4"
"WESB - Workshop de Engenharia de Software Baseada em Busca","WESB","B5"
"WETICE - IEEE International Conference on Enabling Technologies: Infrastructure for Collaborative Enterprises","WETICE","B1"
"WETSOM - International Workshop on Emerging Trends in Software Metrics","WETSOM","B4"
"WF-IoT - IEEE World Forum on Internet of Things","WF-IoT","B3"
"WFA - Workshop de Ferramentas e Aplicações","WFA","B5"
"WFCS - IEEE World Conference on Factory Communication Systems","WFCS","B1"
"WG - International Workshop on Graph-Theoretic Concepts in Computer Science","WG","B1"
"WI-IAT - IEEE/WIC/ACM International Conference on Web Intelligence and Intelligent Agent Technology","WI-IAT","B1"
"WICSA - Working IEEE/IFIP Conference on Software Architecture","WICSA","B1"
"WIE - Workshop de Informática na Escola","WIE","B3"
"WIFS - IEEE Workshop on Information Forensics and Security","WIFS","B1"
"WIM - Workshop de Informática Médica","WIM","B4"
"WiMob - IEEE International Conference on Wireless and Mobile Computing, Networking and Communications","WIMOB","A2"
"WISE - International Conference on Web Information Systems Engineering","WISE","B1"
"WISM - Workshop on Web Information Systems Modeling","WISM","B5"
"WMNC - Joint IFIP Wireless and Mobile Networking Conference","WMNC","B1"
"WMOD - Workshop on Software Modularity","WMOD","B5"
"WNUT - Workshop on Noisy User-generated Text","WNUT","B4"
"WOCC - Wireless and Optical Communications Conference","WOCC","B2"
"WOCCES - Workshop de Comunicação em Sistemas Embarcados Crítico","WOCCES","B5"
"WoLLIC - International Workshop on Logic, Language, Information and Computation","WOLLIC","B1"
"WORKS - Workshop on Workflows in Support of Large-Scale Science","WORKS","B4"
"WoSAR - International Workshop on Software Aging and Rejuvenation","WOSAR","B4"
"WOSP - International Workshop on Mining Scientific Publications","WOSP","B4"
"WoWMoM - International Symposium on a World of Wireless, Mobile and Multimedia Networks","WOWMOM","A2"
"WP2P+ - Workshop de Redes P2P, Dinâmicas, Sociais e Orientadas a Conteúdo","WP2P+","B5"
"WPEIF - Workshop de Pesquisa Experimental da Internet do Futuro","WPEIF","B5"
"WPerformance - Workshop em Desempenho de Sistemas Computacionais e de Comunicação","WPerformance","B3"
"WRE - Workshop of Robotics in Education","WRE","B5"
"WRLA - International Workshop on Rewriting Logic and its Applications","WRLA","B3"
"WRVA - Workshop de Realidade Virtual e Aumentada","WRVA","B5"
"WSC - Winter Simulation Conference","WSC","A2"
"WSCAD - Simpósio em Sistemas Computacionais de Alto Desempenho","WSCAD","B3"
"WSCG - International Conference in Central Europe on Computer Graphics and Visualization and Computer Vision","WSCG","B3"
"WSDM - ACM Conference International Conference on Web Search and Data Mining","WSDM","A1"
"WSKS - World Summit on the Kowledge Society","WSKS","B2"
"WSL - Workshop de Software Livre","WSL","B5"
"WTF - Workshop de Testes e Tolerância a Falhas","WTF","B5"
"WTTM - Workshop on the Theory of Transactional Memory","WTTM","B5"
"WTRANS - Workshop de Transparência de Sistema","WTranS","B5"
"WUWNet - International Conference on UnderWater Networks and Systems","WUWNET","B3"
"WVC - Workshop de Visão Computacional","WVC","B5"
"WWW - International World Wide Web Conferences","WWW","A1"
"WWWW - International World Wide Web Conference Workshops","WWWW","B4"
"WiSec - ACM Conference on Security & Privacy in Wireless and Mobile Networks","WiSec","B2"
"WoMO - International Workshop on Modular Ontologies","WoMO","B5"
"XP - International Conference on Agile Software Development","XP","B1"
"eKNOW-IARIA - IARIA International Conference on Information, Process, and Knowledge Management","eKNOW","B5"
